id,year,index,magnitude,duration,rate,indexRegrowth,recoveryIndicator,regrowth60,regrowth80,regrowth100
0,1995,383,-137,1,-137,150,-1.094890510948905,1,1,1
0,2014,499,-96,18,-5.333333333333333,-224,2.333333333333333,NaN,NaN,NaN
0,2015,49,-450,1,-450,NaN,NaN,NaN,NaN,NaN
1,2015,581,-40,31,-1.290322580645161,NaN,NaN,NaN,NaN,NaN
1,2016,-121,-702,1,-702,NaN,NaN,NaN,NaN,NaN
1,2019,144,-74,1,-74,NaN,NaN,NaN,NaN,NaN
2,1993,143,-159,1,-159,-362,2.276729559748428,2,2,3
2,1998,-219,-588,1,-588,381,-0.647959183673469,2,9,11
3,2006,409,-244,1,-244,81,-0.331967213114754,6,NaN,NaN
4,1999,17,-208,2,-104,69,-0.331730769230769,6,9,NaN
4,2010,-105,-269,1,-269,-20,0.074349442379182,NaN,NaN,NaN
5,2019,587,-100,35,-2.857142857142857,NaN,NaN,NaN,NaN,NaN
6,1996,142,-266,1,-266,-129,0.484962406015038,13,NaN,NaN
6,2015,52,-233,1,-233,NaN,NaN,NaN,NaN,NaN
7,2004,516,-155,20,-7.75,-208,1.341935483870968,NaN,NaN,NaN
7,2005,-141,-657,1,-657,337,-0.512937595129376,2,8,NaN
7,2014,-109,-534,1,-534,38,-0.071161048689139,NaN,NaN,NaN
8,2019,491,-149,2,-74.5,NaN,NaN,NaN,NaN,NaN
9,1991,213,-469,1,-469,160,-0.341151385927505,27,NaN,NaN
9,2002,225,-234,10,-23.4,113,-0.482905982905983,7,7,7
10,2015,580,-109,31,-3.516129032258065,NaN,NaN,NaN,NaN,NaN
10,2016,-328,-908,1,-908,NaN,NaN,2,NaN,NaN
11,2006,519,-32,22,-1.454545454545455,-102,3.1875,NaN,NaN,NaN
11,2007,-159,-678,1,-678,584,-0.861356932153392,2,4,NaN
12,2014,506,-33,30,-1.1,-172,5.212121212121212,NaN,NaN,NaN
12,2015,-195,-701,1,-701,NaN,NaN,2,NaN,NaN
13,1999,328,-313,2,-156.5,128,-0.408945686900958,6,6,8
13,2004,456,-59,4,-14.75,193,-3.271186440677966,1,1,1
14,1997,-142,-402,1,-402,-11,0.027363184079602,NaN,NaN,NaN
14,2004,-218,-76,7,-10.857142857142858,153,-2.013157894736842,1,1,1
14,2019,23,-27,9,-3,NaN,NaN,NaN,NaN,NaN
15,2005,-393,-653,1,-653,283,-0.433384379785605,7,9,NaN
15,2011,-110,-51,5,-10.2,224,-4.392156862745098,1,1,1
15,2019,114,-14,6,-2.333333333333333,NaN,NaN,NaN,NaN,NaN
16,1999,281,-340,1,-340,179,-0.526470588235294,7,8,14
17,1998,280,-207,1,-207,50,-0.241545893719807,10,10,19
18,2003,-180,-482,1,-482,0,-0,NaN,NaN,NaN
19,1998,495,-104,14,-7.428571428571429,-150,1.442307692307692,12,12,12
19,1999,-106,-601,1,-601,594,-0.988352745424293,1,5,10
20,1998,59,-657,1,-657,410,-0.624048706240487,1,10,NaN
21,1993,-206,-631,1,-631,121,-0.19175911251981,12,NaN,NaN
22,2019,420,-151,35,-4.314285714285714,NaN,NaN,NaN,NaN,NaN
23,2014,-43,-285,1,-285,0,-0,NaN,NaN,NaN
24,2019,662,-34,26,-1.307692307692308,NaN,NaN,NaN,NaN,NaN
25,2006,721,-39,22,-1.772727272727273,-27,0.692307692307692,6,6,6
25,2007,359,-362,1,-362,427,-1.179558011049724,1,1,5
25,2010,582,-70,2,-35,204,-2.914285714285714,1,1,1
26,1994,497,-57,10,-5.7,-408,7.157894736842105,NaN,NaN,NaN
26,1995,-164,-661,1,-661,414,-0.626323751891074,5,17,NaN
27,2017,-20,-245,1,-245,NaN,NaN,NaN,NaN,NaN
28,1993,471,-47,9,-5.222222222222222,-190,4.042553191489362,16,16,16
28,1994,-160,-631,1,-631,441,-0.698890649762282,1,14,15
29,NaN,NaN,NaN,NaN,NaN,NaN,NaN,NaN,NaN,NaN
30,NaN,NaN,NaN,NaN,NaN,NaN,NaN,NaN,NaN,NaN
31,2003,460,-224,1,-224,106,-0.473214285714286,NaN,NaN,NaN
32,2019,365,-71,35,-2.028571428571428,NaN,NaN,NaN,NaN,NaN
33,1986,518,-110,2,-55,126,-1.145454545454546,2,2,2
33,1998,523,-142,10,-14.2,-372,2.619718309859155,NaN,NaN,NaN
33,1999,-172,-695,1,-695,341,-0.490647482014389,6,NaN,NaN
34,1999,270,-330,2,-165,185,-0.560606060606061,4,4,9
34,2005,397,-174,2,-87,206,-1.183908045977011,1,1,3
34,2019,563,-111,10,-11.1,NaN,NaN,NaN,NaN,NaN
35,1985,-371,-686,1,-686,419,-0.610787172011662,3,20,26
35,2018,66,-255,1,-255,NaN,NaN,NaN,NaN,NaN
36,2003,565,-13,19,-0.684210526315789,-177,13.615384615384615,NaN,NaN,NaN
36,2004,-61,-626,1,-626,452,-0.722044728434505,4,9,NaN
36,2015,85,-400,1,-400,NaN,NaN,2,2,NaN
37,1998,224,-439,1,-439,243,-0.553530751708428,3,6,19
38,2001,-275,-898,1,-898,794,-0.884187082405345,4,5,11
39,1999,-506,-1043,1,-1043,977,-0.936720997123682,2,3,8
40,1999,441,-151,7,-21.571428571428573,54,-0.357615894039735,2,2,9
40,2000,156,-285,1,-285,288,-1.010526315789474,1,1,1
40,2019,361,-208,18,-11.555555555555555,NaN,NaN,NaN,NaN,NaN
41,1994,14,-139,6,-23.166666666666668,128,-0.920863309352518,1,2,2
41,2016,-361,-786,1,-786,NaN,NaN,2,NaN,NaN
42,1989,-90,-9,5,-1.8,135,-15,1,1,1
42,2009,-65,-251,18,-13.944444444444445,71,-0.282868525896414,1,1,1
42,2019,80,-109,9,-12.11111111111111,NaN,NaN,NaN,NaN,NaN
43,1985,92,-106,1,-106,317,-2.990566037735849,2,4,4
43,1993,-401,-818,1,-818,407,-0.497555012224939,9,NaN,NaN
44,2002,-21,-336,3,-112,226,-0.672619047619048,1,8,8
44,2009,-1,-238,6,-39.666666666666664,335,-1.407563025210084,1,1,1
44,2019,238,-138,9,-15.333333333333334,NaN,NaN,NaN,NaN,NaN
45,2015,561,-26,31,-0.838709677419355,NaN,NaN,NaN,NaN,NaN
45,2016,-57,-618,1,-618,NaN,NaN,NaN,NaN,NaN
45,2019,161,-37,2,-18.5,NaN,NaN,NaN,NaN,NaN
46,2000,656,-12,16,-0.75,-116,9.666666666666666,NaN,NaN,NaN
46,2002,470,-186,2,-93,44,-0.236559139784946,11,11,NaN
47,1992,604,-33,8,-4.125,-165,5,12,14,14
47,1993,196,-408,1,-408,234,-0.573529411764706,7,7,11
48,2019,660,-6,35,-0.171428571428571,NaN,NaN,NaN,NaN,NaN
49,1994,321,-204,2,-102,-30,0.147058823529412,NaN,NaN,NaN
49,2006,310,-11,12,-0.916666666666667,-327,29.727272727272727,NaN,NaN,NaN
49,2007,-312,-622,1,-622,295,-0.47427652733119,8,11,NaN
50,2003,447,-88,8,-11,28,-0.318181818181818,2,2,2
50,2004,211,-236,1,-236,264,-1.11864406779661,1,1,1
50,2017,513,-58,12,-4.833333333333333,NaN,NaN,1,1,1
51,1992,469,-98,8,-12.25,137,-1.397959183673469,2,2,2
51,1993,298,-171,1,-171,308,-1.801169590643275,1,1,1
52,2007,-71,-363,2,-181.5,150,-0.413223140495868,NaN,NaN,NaN
52,2019,-77,-6,12,-0.5,NaN,NaN,NaN,NaN,NaN
53,1988,521,-167,1,-167,-101,0.604790419161677,25,NaN,NaN
53,2015,433,-171,1,-171,NaN,NaN,2,2,2
54,2019,611,-101,35,-2.885714285714286,NaN,NaN,NaN,NaN,NaN
55,2007,-211,-281,1,-281,151,-0.537366548042705,8,8,NaN
56,1997,-25,-590,1,-590,34,-0.057627118644068,11,NaN,NaN
56,2019,277,-73,11,-6.636363636363637,NaN,NaN,NaN,NaN,NaN
57,2009,486,-181,12,-15.083333333333334,165,-0.911602209944751,2,2,NaN
57,2019,610,-41,8,-5.125,NaN,NaN,NaN,NaN,NaN
58,2019,80,-44,24,-1.833333333333333,NaN,NaN,NaN,NaN,NaN
59,2005,476,-74,21,-3.523809523809524,-183,2.472972972972973,NaN,NaN,NaN
59,2006,-120,-596,1,-596,413,-0.692953020134228,3,NaN,NaN
60,2019,-78,-157,28,-5.607142857142857,NaN,NaN,NaN,NaN,NaN
61,2014,460,-277,1,-277,0,-0,NaN,NaN,NaN
62,2008,-156,-231,1,-231,99,-0.428571428571429,8,NaN,NaN
63,1999,-184,-308,1,-308,0,-0,NaN,NaN,NaN
64,2015,705,-71,31,-2.290322580645161,NaN,NaN,NaN,NaN,NaN
64,2016,-74,-779,1,-779,NaN,NaN,NaN,NaN,NaN
65,2019,413,-90,35,-2.571428571428572,NaN,NaN,NaN,NaN,NaN
66,2016,-59,-772,1,-772,NaN,NaN,NaN,NaN,NaN
66,2019,234,-107,1,-107,NaN,NaN,NaN,NaN,NaN
67,2016,-59,-652,1,-652,NaN,NaN,2,NaN,NaN
67,2019,366,-13,1,-13,NaN,NaN,NaN,NaN,NaN
68,2002,-60,-504,1,-504,308,-0.611111111111111,2,2,8
68,2009,114,-270,5,-54,342,-1.266666666666667,1,1,1
68,2019,264,-265,9,-29.444444444444443,NaN,NaN,NaN,NaN,NaN
69,1998,204,-11,14,-0.785714285714286,-358,32.54545454545455,NaN,NaN,NaN
69,1999,-162,-366,1,-366,17.5,-0.047814207650273,NaN,NaN,NaN
70,1999,70,-199,4,-49.75,26,-0.130653266331658,1,NaN,NaN
70,2006,-338,-560,1,-560,142,-0.253571428571429,NaN,NaN,NaN
70,2019,-146,-104,12,-8.666666666666666,NaN,NaN,NaN,NaN,NaN
71,2004,380,-187,2,-93.5,209,-1.117647058823529,4,5,5
71,2013,67,-486,1,-486,102,-0.209876543209877,NaN,NaN,NaN
72,2003,634,-92,19,-4.842105263157895,-177,1.923913043478261,8,8,14
72,2004,332,-302,1,-302,125,-0.413907284768212,1,6,7
72,2009,457,-88,4,-22,239,-2.715909090909091,1,1,1
73,2014,322,-244,24,-10.166666666666666,-348,1.426229508196721,NaN,NaN,NaN
73,2015,-165,-487,1,-487,NaN,NaN,NaN,NaN,NaN
74,1993,602,-57,9,-6.333333333333333,-28,0.491228070175439,9,9,9
74,1994,65,-537,1,-537,509,-0.947858472998138,2,3,8
74,2006,196,-415,1,-415,404,-0.973493975903614,2,2,6
75,2015,690,-48,31,-1.548387096774194,NaN,NaN,NaN,NaN,NaN
75,2016,355,-335,1,-335,NaN,NaN,NaN,NaN,NaN
76,1991,-48,-489,1,-489,508,-1.038854805725971,2,2,5
77,1997,583,-2,13,-0.153846153846154,-192,96,2,2,2
77,1998,400,-183,1,-183,-9,0.049180327868852,1,1,1
77,2001,391,-250,2,-125,122,-0.488,6,6,9
78,1990,-215,-862,1,-862,525,-0.609048723897912,1,2,NaN
78,2003,255,-82,12,-6.833333333333333,211,-2.573170731707317,1,1,1
79,1990,265,-72,6,-12,-354,4.916666666666667,NaN,NaN,NaN
79,1991,-151,-416,1,-416,62,-0.149038461538462,17,26,NaN
80,1990,-150,-115,6,-19.166666666666668,300,-2.608695652173913,1,1,1
80,2001,-150,-456,2,-228,168,-0.368421052631579,1,1,NaN
80,2019,150,-101,17,-5.941176470588236,NaN,NaN,NaN,NaN,NaN
81,1991,33,-560,1,-560,-32,0.057142857142857,NaN,NaN,NaN
81,2001,-206,-239,10,-23.9,29,-0.121338912133891,6,NaN,NaN
82,1993,249,-379,9,-42.111111111111114,170,-0.448548812664908,1,1,4
82,1998,419,-233,1,-233,109,-0.467811158798283,1,1,NaN
83,2003,-51,-638,1,-638,412,-0.64576802507837,5,NaN,NaN
84,1998,24,-610,1,-610,216,-0.354098360655738,12,19,NaN
84,2005,240,-12,6,-2,253,-21.083333333333332,1,1,1
85,1999,488,-158,1,-158,123,-0.778481012658228,1,7,7
85,2001,314,-288,1,-288,333,-1.15625,3,3,3
85,2019,715,-31,12,-2.583333333333333,NaN,NaN,NaN,NaN,NaN
86,2006,370,-195,1,-195,-254,1.302564102564103,NaN,NaN,NaN
86,2008,116,-322,1,-322,62,-0.192546583850932,NaN,NaN,NaN
87,2004,459,-270,2,-135,164,-0.607407407407407,5,NaN,NaN
87,2010,-74,-697,1,-697,0,-0,NaN,NaN,NaN
88,1990,498,-1,6,-0.166666666666667,-48,48,7,7,7
88,1991,-37,-535,1,-535,478,-0.893457943925234,1,2,6
88,2014,-89,-713,1,-713,0,-0,NaN,NaN,NaN
89,2009,489,-173,1,-173,-445,2.572254335260116,NaN,NaN,NaN
89,2010,41,-448,1,-448,3,-0.006696428571429,NaN,NaN,NaN
90,1992,528,-131,8,-16.375,0,-0,18,18,24
91,NaN,NaN,NaN,NaN,NaN,NaN,NaN,NaN,NaN,NaN
92,2005,48,-122,21,-5.809523809523809,-72,0.590163934426229,1,1,1
92,2007,-24,-288,1,-288,0,-0,NaN,NaN,NaN
93,2010,262,-400,1,-400,261,-0.6525,3,NaN,NaN
94,NaN,NaN,NaN,NaN,NaN,NaN,NaN,NaN,NaN,NaN
95,2007,-106,-291,1,-291,0,-0,NaN,NaN,NaN
96,2019,208,-70,25,-2.8,NaN,NaN,NaN,NaN,NaN
97,2011,-114,-436,1,-436,203,-0.465596330275229,NaN,NaN,NaN
98,NaN,NaN,NaN,NaN,NaN,NaN,NaN,NaN,NaN,NaN
99,2010,638,-16,8,-2,-177,11.0625,NaN,NaN,NaN
99,2011,-36,-674,1,-674,556,-0.824925816023739,1,5,NaN
100,2010,172,-168,9,-18.666666666666668,-314,1.869047619047619,NaN,NaN,NaN
100,2011,-306,-478,1,-478,180,-0.376569037656904,6,6,NaN
100,2019,-91,-185,2,-92.5,NaN,NaN,NaN,NaN,NaN
101,2014,473,-16,30,-0.533333333333333,-251,15.6875,NaN,NaN,NaN
101,2015,-365,-838,1,-838,NaN,NaN,2,NaN,NaN
102,2002,-478,-988,1,-988,872,-0.882591093117409,4,5,10
103,1998,-168,-805,1,-805,229,-0.284472049689441,20,NaN,NaN
103,2011,-493,-734,1,-734,744,-1.013623978201635,2,2,5
104,2011,220,-287,4,-71.75,92,-0.320557491289199,1,1,1
104,2019,332,-236,7,-33.714285714285715,NaN,NaN,NaN,NaN,NaN
105,1990,618,-70,6,-11.666666666666666,115,-1.642857142857143,4,4,4
105,1992,319,-299,2,-149.5,374,-1.250836120401338,2,2,2
106,2007,449,-50,23,-2.173913043478261,-193,3.86,NaN,NaN,NaN
106,2008,83,-366,1,-366,173,-0.472677595628415,6,9,NaN
107,1999,-43,-572,1,-572,211,-0.368881118881119,9,10,15
108,1999,-421,-882,1,-882,781,-0.885487528344671,3,5,9
109,2006,140,-375,1,-375,104,-0.277333333333333,12,NaN,NaN
110,1995,521,-206,6,-34.333333333333336,0,-0,NaN,NaN,NaN
110,2013,-508,-1035,1,-1035,822,-0.794202898550725,3,NaN,NaN
111,2003,56,-470,3,-156.66666666666666,59,-0.125531914893617,NaN,NaN,NaN
112,1995,8,-135,1,-135,-5,0.037037037037037,1,4,4
112,2002,-72,-303,3,-101,350,-1.155115511551155,1,2,2
112,2019,136,-146,15,-9.733333333333333,NaN,NaN,NaN,NaN,NaN
113,1998,287,-337,2,-168.5,249,-0.738872403560831,5,18,NaN
114,1994,38,-163,10,-16.3,108,-0.662576687116564,1,1,1
114,2000,49,-428,5,-85.6,84,-0.196261682242991,10,14,NaN
114,2019,258,-93,9,-10.333333333333334,NaN,NaN,NaN,NaN,NaN
115,2002,-491,-1111,1,-1111,384,-0.345634563456346,7,14,NaN
116,2014,536,-78,30,-2.6,-151,1.935897435897436,NaN,NaN,NaN
116,2015,-39,-575,1,-575,NaN,NaN,2,NaN,NaN
117,2006,-154,-338,1,-338,155,-0.458579881656805,3,3,NaN
117,2010,-75,-200,1,-200,3,-0.015,4,NaN,NaN
118,2006,519,-108,22,-4.909090909090909,-178,1.648148148148148,NaN,NaN,NaN
118,2007,361,-158,1,-158,77,-0.487341772151899,7,9,9
119,1998,388,-221,6,-36.833333333333336,-10,0.045248868778281,10,13,NaN
119,2019,317,-242,11,-22,NaN,NaN,NaN,NaN,NaN
120,2005,272,-281,1,-281,12,-0.04270462633452,11,NaN,NaN
121,1996,695,-10,12,-0.833333333333333,-172,17.2,17,17,17
121,1998,518,-177,2,-88.5,25,-0.141242937853107,10,14,15
122,1999,76,-609,1,-609,456,-0.748768472906404,1,12,NaN
123,2019,269,-95,29,-3.275862068965517,NaN,NaN,NaN,NaN,NaN
124,1998,192,-104,14,-7.428571428571429,-56,0.538461538461538,1,1,1
124,2002,102,-451,3,-150.33333333333334,359,-0.796008869179601,2,2,NaN
124,2019,461,-34,15,-2.266666666666667,NaN,NaN,NaN,NaN,NaN
125,1998,617,-56,14,-4,-207,3.696428571428572,16,16,16
125,1999,410,-207,1,-207,0,-0,15,15,15
126,2011,520,-82,26,-3.153846153846154,-112,1.365853658536585,NaN,NaN,NaN
126,2012,328,-192,1,-192,80,-0.416666666666667,NaN,NaN,NaN
127,2002,249,-316,1,-316,203,-0.642405063291139,2,8,NaN
128,NaN,NaN,NaN,NaN,NaN,NaN,NaN,NaN,NaN,NaN
129,1990,226,-206,1,-206,391,-1.898058252427185,1,1,1
129,2019,509,-108,28,-3.857142857142857,NaN,NaN,NaN,NaN,NaN
130,2000,349,-273,1,-273,41,-0.15018315018315,NaN,NaN,NaN
131,NaN,NaN,NaN,NaN,NaN,NaN,NaN,NaN,NaN,NaN
132,2009,42,-211,5,-42.2,193,-0.914691943127962,1,1,1
132,2015,41,-401,5,-80.2,NaN,NaN,1,NaN,NaN
132,2019,127,-213,3,-71,NaN,NaN,NaN,NaN,NaN
133,1995,738,-15,11,-1.363636363636364,-115,7.666666666666667,14,14,14
133,1996,456,-282,1,-282,194,-0.687943262411348,5,9,13
133,2019,726,-3,14,-0.214285714285714,NaN,NaN,NaN,NaN,NaN
134,2015,231,-478,1,-478,NaN,NaN,3,NaN,NaN
135,1985,38,-301,1,-301,60,-0.199335548172757,11,NaN,NaN
135,2005,-147,-303,1,-303,-19,0.062706270627063,NaN,NaN,NaN
136,2000,289,-139,1,-139,71,-0.510791366906475,3,3,6
136,2011,233,-201,2,-100.5,216,-1.074626865671642,2,2,4
137,1990,-100,-688,6,-114.66666666666667,882,-1.281976744186047,1,1,4
137,1998,36,-746,3,-248.66666666666666,83,-0.111260053619303,1,1,1
137,2019,130,-723,2,-361.5,NaN,NaN,NaN,NaN,NaN
138,1993,-435,-752,1,-752,340,-0.452127659574468,8,15,NaN
138,2019,135,-68,11,-6.181818181818182,NaN,NaN,NaN,NaN,NaN
139,1993,235,-359,1,-359,401,-1.116991643454039,2,3,3
139,2000,395,-298,4,-74.5,314,-1.053691275167785,4,4,4
139,2019,625,-84,15,-5.6,NaN,NaN,NaN,NaN,NaN
140,2000,29,-88,14,-6.285714285714286,203,-2.306818181818182,1,1,1
140,2007,221,-93,4,-23.25,-375,4.032258064516129,NaN,NaN,NaN
140,2008,-289,-510,1,-510,135,-0.264705882352941,9,NaN,NaN
141,2001,165,-572,1,-572,303,-0.52972027972028,4,13,NaN
141,2003,98,-67,2,-33.5,375,-5.597014925373134,1,1,1
142,1992,-202,-793,1,-793,443,-0.558638083228247,13,23,NaN
143,2001,311,-284,1,-284,105,-0.369718309859155,13,15,NaN
144,2012,562,-56,28,-2,-162,2.892857142857143,NaN,NaN,NaN
144,2019,362,-200,7,-28.571428571428573,NaN,NaN,NaN,NaN,NaN
145,2015,562,-46,31,-1.483870967741935,NaN,NaN,NaN,NaN,NaN
145,2016,-458,-1020,1,-1020,NaN,NaN,1,NaN,NaN
146,2019,39,-116,29,-4,NaN,NaN,NaN,NaN,NaN
147,2012,-64,-358,1,-358,87,-0.243016759776536,NaN,NaN,NaN
148,2015,-147,-736,1,-736,NaN,NaN,4,NaN,NaN
149,1989,611,-47,5,-9.4,-263,5.595744680851064,15,NaN,NaN
149,1990,127,-484,1,-484,221,-0.456611570247934,6,7,14
149,2019,529,-15,22,-0.681818181818182,NaN,NaN,NaN,NaN,NaN
150,2019,644,-71,35,-2.028571428571428,NaN,NaN,NaN,NaN,NaN
151,1998,571,-42,14,-3,-427,10.166666666666666,NaN,NaN,NaN
151,1999,-238,-809,1,-809,382,-0.472187886279357,11,NaN,NaN
151,2011,127,-17,11,-1.545454545454545,226,-13.294117647058824,1,1,1
152,1997,527,-35,13,-2.692307692307693,-116,3.314285714285715,11,11,11
152,1998,320,-207,1,-207,91,-0.439613526570048,9,9,10
153,2007,-330,-643,1,-643,404,-0.628304821150855,2,NaN,NaN
154,2008,203,-14,19,-0.736842105263158,117,-8.357142857142858,1,1,1
154,2015,162,-215,5,-43,NaN,NaN,1,1,1
154,2019,295,-86,3,-28.666666666666668,NaN,NaN,NaN,NaN,NaN
155,NaN,NaN,NaN,NaN,NaN,NaN,NaN,NaN,NaN,NaN
156,2006,-327,-703,1,-703,251,-0.357041251778094,NaN,NaN,NaN
157,2008,-211,-848,1,-848,0,-0,NaN,NaN,NaN
158,2006,-117,-550,1,-550,328,-0.596363636363636,1,NaN,NaN
158,2019,211,-45,12,-3.75,NaN,NaN,NaN,NaN,NaN
159,2015,391,-197,1,-197,NaN,NaN,NaN,NaN,NaN
160,1995,671,-30,11,-2.727272727272727,-235,7.833333333333333,NaN,NaN,NaN
160,1996,268,-403,1,-403,168,-0.416873449131514,11,11,11
161,NaN,NaN,NaN,NaN,NaN,NaN,NaN,NaN,NaN,NaN
162,2010,89,-147,1,-147,0,-0,NaN,NaN,NaN
163,NaN,NaN,NaN,NaN,NaN,NaN,NaN,NaN,NaN,NaN
164,2019,522,-60,35,-1.714285714285714,NaN,NaN,NaN,NaN,NaN
165,1998,417,-204,1,-204,-58,0.284313725490196,18,18,18
165,2015,415,-2,17,-0.117647058823529,NaN,NaN,1,1,1
165,2019,561,-78,3,-26,NaN,NaN,NaN,NaN,NaN
166,2001,105,-664,1,-664,515,-0.775602409638554,1,3,NaN
167,2009,-33,-320,1,-320,281,-0.878125,1,4,4
167,2012,96,-68,2,-34,136,-2,1,1,1
167,2019,269,-76,6,-12.666666666666666,NaN,NaN,NaN,NaN,NaN
168,1985,-369,-693,1,-693,264,-0.380952380952381,15,22,24
169,1994,672,-34,10,-3.4,-269,7.911764705882353,NaN,NaN,NaN
169,1995,-302,-974,1,-974,737,-0.756673511293634,4,6,22
170,1986,-107,-54,2,-27,233,-4.314814814814815,1,1,1
170,2006,-262,-528,1,-528,285,-0.539772727272727,11,NaN,NaN
171,2001,645,-26,17,-1.529411764705882,29,-1.115384615384615,2,2,2
171,2002,453,-192,1,-192,221,-1.151041666666667,1,1,1
172,1997,79,-314,1,-314,397,-1.264331210191083,4,4,4
172,2019,304,-201,3,-67,NaN,NaN,NaN,NaN,NaN
173,2000,465,-217,8,-27.125,154,-0.709677419354839,1,8,NaN
173,2019,605,-8,18,-0.444444444444444,NaN,NaN,NaN,NaN,NaN
174,2008,-130,-484,1,-484,22,-0.045454545454545,NaN,NaN,NaN
175,1994,467,-250,10,-25,141,-0.564,11,17,NaN
175,1995,254,-213,1,-213,354,-1.661971830985915,1,1,1
176,2007,578,-152,23,-6.608695652173913,-150,0.986842105263158,NaN,NaN,NaN
176,2009,352,-226,2,-113,249,-1.101769911504425,4,5,5
177,2016,-225,-665,1,-665,NaN,NaN,NaN,NaN,NaN
178,1990,-127,-20,6,-3.333333333333333,759,-37.95,1,1,1
178,1994,-95,-577,3,-192.33333333333334,292,-0.506065857885615,1,1,1
178,1996,171,-461,1,-461,14,-0.030368763557484,9,NaN,NaN
179,1999,307,-195,15,-13,0,-0,8,14,14
179,2015,365,-280,2,-140,NaN,NaN,1,1,NaN
179,2019,497,-107,3,-35.666666666666664,NaN,NaN,NaN,NaN,NaN
180,2005,-82,-262,1,-262,28,-0.106870229007634,NaN,NaN,NaN
181,2013,-364,-547,1,-547,133,-0.243144424131627,NaN,NaN,NaN
182,2005,486,-59,21,-2.809523809523809,-618,10.474576271186441,NaN,NaN,NaN
182,2006,-574,-1060,1,-1060,442,-0.416981132075472,12,NaN,NaN
183,2009,122,-235,1,-235,-14,0.059574468085106,NaN,NaN,NaN
184,2002,666,-27,18,-1.5,-230,8.518518518518519,NaN,NaN,NaN
184,2003,48,-618,1,-618,388,-0.627831715210356,2,8,12
185,2001,-74,-342,1,-342,198,-0.578947368421053,1,1,NaN
185,2019,99,-116,17,-6.823529411764706,NaN,NaN,NaN,NaN,NaN
186,2004,193,-417,1,-417,67,-0.160671462829736,8,8,NaN
187,2005,-376,-822,1,-822,147,-0.178832116788321,NaN,NaN,NaN
188,1993,496,-152,9,-16.88888888888889,0,-0,7,18,NaN
189,1994,325,-287,2,-143.5,235,-0.818815331010453,1,1,NaN
189,2009,394,-171,1,-171,0,-0,7,NaN,NaN
190,2019,555,-73,35,-2.085714285714286,NaN,NaN,NaN,NaN,NaN
191,2019,516,-14,35,-0.4,NaN,NaN,NaN,NaN,NaN
192,NaN,NaN,NaN,NaN,NaN,NaN,NaN,NaN,NaN,NaN
193,1985,225,-165,1,-165,363,-2.2,1,1,1
194,2019,582,-5,35,-0.142857142857143,NaN,NaN,NaN,NaN,NaN
195,NaN,NaN,NaN,NaN,NaN,NaN,NaN,NaN,NaN,NaN
196,2008,373,-50,24,-2.083333333333333,235,-4.7,1,1,1
197,NaN,NaN,NaN,NaN,NaN,NaN,NaN,NaN,NaN,NaN
198,2011,-61,-605,1,-605,456,-0.753719008264463,1,NaN,NaN
199,2001,-115,-323,2,-161.5,204,-0.631578947368421,3,4,9
199,2015,84,-289,2,-144.5,NaN,NaN,1,1,1
200,2010,334,-247,1,-247,122,-0.493927125506073,2,NaN,NaN
201,1999,424,-209,2,-104.5,76,-0.363636363636364,2,2,NaN
201,2019,552,-63,18,-3.5,NaN,NaN,NaN,NaN,NaN
202,1986,78,-318,1,-318,-208,0.654088050314465,NaN,NaN,NaN
202,1990,-130,-208,4,-52,-62,0.298076923076923,NaN,NaN,NaN
202,2019,-198,-68,29,-2.344827586206896,NaN,NaN,NaN,NaN,NaN
203,2010,-521,-785,1,-785,380,-0.484076433121019,7,NaN,NaN
204,2008,-24,-484,1,-484,446.5,-0.922520661157025,2,3,NaN
204,2019,407,-1,8,-0.125,NaN,NaN,NaN,NaN,NaN
205,1995,-246,-502,1,-502,221,-0.440239043824701,10,17,20
205,2011,60,-90,5,-18,140,-1.555555555555556,1,1,1
205,2019,262,-70,4,-17.5,NaN,NaN,NaN,NaN,NaN
206,2001,628,-56,17,-3.294117647058823,-376,6.714285714285714,NaN,NaN,NaN
206,2002,-244,-872,1,-872,496,-0.568807339449541,8,15,NaN
207,1998,510,-70,14,-5,26,-0.371428571428571,2,2,2
207,1999,359,-151,1,-151,175,-1.158940397350993,1,1,1
207,2001,472,-198,1,-198,102,-0.515151515151515,4,4,NaN
208,2005,567,-166,1,-166,107,-0.644578313253012,5,NaN,NaN
208,2011,251,-423,1,-423,323,-0.763593380614657,4,6,NaN
209,1998,545,-124,1,-124,148,-1.193548387096774,2,2,2
210,2014,690,-24,30,-0.8,-453,18.875,NaN,NaN,NaN
210,2015,-309,-999,1,-999,NaN,NaN,NaN,NaN,NaN
211,1991,626,-14,7,-2,-628,44.857142857142854,NaN,NaN,NaN
211,1992,-321,-947,1,-947,728,-0.768743400211193,5,16,NaN
212,2019,486,-29,17,-1.705882352941176,NaN,NaN,NaN,NaN,NaN
213,2000,393,-257,1,-257,252,-0.980544747081712,3,3,3
213,2015,401,-270,12,-22.5,NaN,NaN,1,1,1
214,1999,355,-265,1,-265,197,-0.743396226415094,5,6,10
215,1999,415,-242,1,-242,131,-0.541322314049587,1,2,NaN
216,2004,439,-6,20,-0.3,-177,29.5,NaN,NaN,NaN
216,2005,-97,-536,1,-536,359,-0.669776119402985,2,9,NaN
217,2011,189,-303,2,-151.5,119,-0.392739273927393,NaN,NaN,NaN
218,2001,290,-67,9,-7.444444444444445,-371,5.537313432835821,NaN,NaN,NaN
218,2002,-81,-371,1,-371,0,-0,NaN,NaN,NaN
219,1991,-21,-245,1,-245,0,-0,18,NaN,NaN
220,1998,501,-131,1,-131,-146,1.114503816793893,NaN,NaN,NaN
220,2001,355,-217,1,-217,0,-0,NaN,NaN,NaN
221,2005,-274,-924,1,-924,374,-0.404761904761905,11,NaN,NaN
221,2014,100,-24,8,-3,290,-12.083333333333334,1,1,1
222,NaN,NaN,NaN,NaN,NaN,NaN,NaN,NaN,NaN,NaN
223,2015,277,-69,2,-34.5,NaN,NaN,NaN,NaN,NaN
223,2016,-112,-389,1,-389,NaN,NaN,NaN,NaN,NaN
224,2019,739,-8,14,-0.571428571428571,NaN,NaN,NaN,NaN,NaN
225,NaN,NaN,NaN,NaN,NaN,NaN,NaN,NaN,NaN,NaN
226,1999,-23,-243,1,-243,0,-0,NaN,NaN,NaN
227,2009,389,-318,1,-318,303,-0.952830188679245,2,2,NaN
228,1997,142,-19,13,-1.461538461538461,-146,7.684210526315789,NaN,NaN,NaN
228,1998,-170,-312,1,-312,166,-0.532051282051282,7,NaN,NaN
229,2019,-39,-1,35,-0.028571428571429,NaN,NaN,NaN,NaN,NaN
230,2019,468,-128,10,-12.8,NaN,NaN,NaN,NaN,NaN
231,1988,-1,-293,4,-73.25,480,-1.638225255972696,1,1,1
231,2001,576,-109,12,-9.083333333333334,95,-0.871559633027523,4,4,7
231,2002,10,-566,1,-566,650,-1.148409893992933,1,1,3
232,2018,-471,-1056,1,-1056,NaN,NaN,NaN,NaN,NaN
233,2017,648,-44,33,-1.333333333333333,NaN,NaN,NaN,NaN,NaN
233,2018,266,-382,1,-382,NaN,NaN,1,NaN,NaN
234,2007,-99,-787,2,-393.5,198,-0.251588310038119,NaN,NaN,NaN
234,2010,-132,-162,1,-162,30,-0.185185185185185,1,1,1
234,2019,-79,-178,8,-22.25,NaN,NaN,NaN,NaN,NaN
235,2001,-94,-244,2,-122,225,-0.922131147540984,1,4,4
235,2019,-22,-296,9,-32.888888888888886,NaN,NaN,NaN,NaN,NaN
236,2007,-447,-984,1,-984,700,-0.711382113821138,1,2,NaN
236,2011,174,-265,2,-132.5,236,-0.890566037735849,3,3,3
237,2010,609,-108,26,-4.153846153846154,-218,2.018518518518519,NaN,NaN,NaN
237,2011,125,-484,1,-484,285,-0.588842975206612,6,NaN,NaN
238,2004,198,-26,20,-1.3,-260,10,NaN,NaN,NaN
238,2005,-306,-504,1,-504,252,-0.5,8,13,NaN
239,2008,139,-75,13,-5.769230769230769,-211,2.813333333333333,NaN,NaN,NaN
239,2009,-81,-220,1,-220,41,-0.186363636363636,NaN,NaN,NaN
240,1989,329,-287,1,-287,175,-0.609756097560976,2,14,25
240,2019,518,-163,5,-32.6,NaN,NaN,NaN,NaN,NaN
241,2011,466,-207,1,-207,214,-1.033816425120773,1,1,1
241,2019,665,-61,7,-8.714285714285714,NaN,NaN,NaN,NaN,NaN
242,2007,458,-262,1,-262,-77,0.293893129770992,6,6,6
242,2012,381,-77,5,-15.4,288,-3.74025974025974,1,1,1
242,2019,634,-104,6,-17.333333333333332,NaN,NaN,NaN,NaN,NaN
243,1985,76,-141,1,-141,-58,0.411347517730496,2,8,8
243,1992,50,-26,7,-3.714285714285714,-82,3.153846153846154,1,1,1
243,1996,-32,-430,2,-215,82,-0.190697674418605,NaN,NaN,NaN
244,2006,-476,-852,1,-852,657,-0.77112676056338,3,NaN,NaN
245,1999,-352,-677,1,-677,167,-0.246676514032496,6,NaN,NaN
245,2019,28,-27,14,-1.928571428571429,NaN,NaN,NaN,NaN,NaN
246,2001,470,-179,1,-179,76,-0.424581005586592,7,8,8
247,2002,555,-65,18,-3.611111111111111,8,-0.123076923076923,10,10,14
248,2009,673,-46,25,-1.84,-117,2.543478260869565,NaN,NaN,NaN
248,2010,142,-531,1,-531,414,-0.779661016949153,4,7,NaN
249,1998,-355,-719,1,-719,327,-0.454798331015299,9,15,NaN
249,2019,233,-40,6,-6.666666666666667,NaN,NaN,NaN,NaN,NaN
250,2006,493,-248,1,-248,217,-0.875,1,5,NaN
251,1998,7,-224,1,-224,71,-0.316964285714286,NaN,NaN,NaN
251,2002,-85,-92,4,-23,-208,2.260869565217391,1,1,1
251,2004,-381,-459,1,-459,280,-0.610021786492375,4,NaN,NaN
252,1992,644,-282,1,-282,-15,0.053191489361702,NaN,NaN,NaN
252,2019,600,-44,27,-1.62962962962963,NaN,NaN,NaN,NaN,NaN
253,1993,-421,-711,1,-711,374,-0.526019690576653,14,15,15
253,2019,176,-159,11,-14.454545454545455,NaN,NaN,NaN,NaN,NaN
254,1997,498,-75,13,-5.769230769230769,-120,1.6,6,6,6
254,1998,77,-421,1,-421,534,-1.268408551068884,4,5,5
254,2019,533,-78,16,-4.875,NaN,NaN,NaN,NaN,NaN
255,2010,214,-25,22,-1.136363636363636,-201,8.04,NaN,NaN,NaN
255,2011,13,-201,1,-201,0,-0,NaN,NaN,NaN
256,1998,461,-158,1,-158,203,-1.284810126582278,1,1,1
257,NaN,NaN,NaN,NaN,NaN,NaN,NaN,NaN,NaN,NaN
258,NaN,NaN,NaN,NaN,NaN,NaN,NaN,NaN,NaN,NaN
259,2006,444,-194,2,-97,0,-0,NaN,NaN,NaN
260,2019,690,-34,35,-0.971428571428571,NaN,NaN,NaN,NaN,NaN
261,NaN,NaN,NaN,NaN,NaN,NaN,NaN,NaN,NaN,NaN
262,NaN,NaN,NaN,NaN,NaN,NaN,NaN,NaN,NaN,NaN
263,2019,187,-59,35,-1.685714285714286,NaN,NaN,NaN,NaN,NaN
264,1985,-1,-176,1,-176,33,-0.1875,12,24,24
264,2011,-101,-237,1,-237,-28,0.118143459915612,NaN,NaN,NaN
265,1985,-196,-473,1,-473,99,-0.209302325581395,16,21,25
266,2004,-326,-778,1,-778,597,-0.767352185089974,2,10,NaN
267,1996,-34,-471,1,-471,249,-0.528662420382166,7,10,14
268,1992,281,-139,8,-17.375,40,-0.287769784172662,1,1,2
268,2001,370,-46,8,-5.75,37,-0.804347826086957,3,3,3
268,2003,146,-224,2,-112,380,-1.696428571428571,1,1,1
269,1997,578,-14,13,-1.076923076923077,-274,19.571428571428573,NaN,NaN,NaN
269,1998,-197,-775,1,-775,501,-0.646451612903226,4,6,NaN
270,2015,454,-93,20,-4.65,NaN,NaN,NaN,NaN,NaN
270,2016,-251,-705,1,-705,NaN,NaN,NaN,NaN,NaN
271,1985,-19,-434,1,-434,186,-0.428571428571429,6,12,28
272,1990,698,-52,6,-8.666666666666666,-189,3.634615384615385,NaN,NaN,NaN
272,1991,342,-356,1,-356,267,-0.75,5,NaN,NaN
272,2002,293,-316,6,-52.666666666666664,165,-0.522151898734177,1,NaN,NaN
272,2019,415,-121,16,-7.5625,NaN,NaN,NaN,NaN,NaN
273,2015,163,-536,1,-536,NaN,NaN,3,NaN,NaN
274,2017,220,-333,1,-333,NaN,NaN,NaN,NaN,NaN
275,2011,402,-5,23,-0.217391304347826,-196,39.2,NaN,NaN,NaN
275,2012,12,-390,1,-390,179,-0.458974358974359,NaN,NaN,NaN
276,1999,473,-127,13,-9.76923076923077,-143,1.125984251968504,6,15,NaN
276,2000,266,-207,1,-207,287,-1.386473429951691,5,5,5
276,2019,478,-75,14,-5.357142857142857,NaN,NaN,NaN,NaN,NaN
277,NaN,NaN,NaN,NaN,NaN,NaN,NaN,NaN,NaN,NaN
278,1990,554,-14,6,-2.333333333333333,-889,63.5,NaN,NaN,NaN
278,1991,-439,-993,1,-993,355,-0.357502517623364,11,11,NaN
279,2012,-69,-290,1,-290,75,-0.258620689655172,NaN,NaN,NaN
280,2002,510,-279,1,-279,219,-0.78494623655914,2,2,NaN
280,2019,667,-73,15,-4.866666666666666,NaN,NaN,NaN,NaN,NaN
281,1994,129,-167,1,-167,-87,0.520958083832335,1,1,1
281,1998,42,-308,3,-102.66666666666667,-4,0.012987012987013,12,13,18
282,2019,508,-4,35,-0.114285714285714,NaN,NaN,NaN,NaN,NaN
283,1987,275,-247,3,-82.33333333333333,420,-1.700404858299595,1,1,1
283,1999,242,-479,1,-479,224,-0.467640918580376,12,12,NaN
284,2016,56,-585,1,-585,NaN,NaN,NaN,NaN,NaN
285,2006,-405,-600,1,-600,318,-0.53,8,NaN,NaN
286,2019,-13,-175,34,-5.147058823529412,NaN,NaN,NaN,NaN,NaN
287,1995,324,-65,11,-5.909090909090909,-380,5.846153846153846,NaN,NaN,NaN
287,1996,-181,-505,1,-505,125,-0.247524752475248,8,9,12
288,NaN,NaN,NaN,NaN,NaN,NaN,NaN,NaN,NaN,NaN
289,2004,463,-247,1,-247,119,-0.481781376518219,6,6,10
290,NaN,NaN,NaN,NaN,NaN,NaN,NaN,NaN,NaN,NaN
291,1999,221,-456,2,-228,289,-0.633771929824561,4,NaN,NaN
292,NaN,NaN,NaN,NaN,NaN,NaN,NaN,NaN,NaN,NaN
293,2001,-46,-74,17,-4.352941176470588,305,-4.121621621621622,1,1,1
294,1996,402,-230,1,-230,53,-0.230434782608696,NaN,NaN,NaN
295,2019,49,-55,13,-4.230769230769231,NaN,NaN,NaN,NaN,NaN
296,2019,664,-7,2,-3.5,NaN,NaN,NaN,NaN,NaN
297,1999,204,-352,1,-352,348,-0.988636363636364,2,4,4
297,2015,140,-421,1,-421,NaN,NaN,1,NaN,NaN
297,2019,303,-167,3,-55.666666666666664,NaN,NaN,NaN,NaN,NaN
298,1997,271,-470,7,-67.14285714285714,-162,0.34468085106383,2,10,10
298,2002,109,-482,3,-160.66666666666666,681,-1.412863070539419,3,3,3
298,2019,401,-389,12,-32.416666666666664,NaN,NaN,NaN,NaN,NaN
299,2002,70,-495,1,-495,266,-0.537373737373737,6,9,NaN
300,2006,-156,-452,1,-452,-20,0.044247787610619,NaN,NaN,NaN
301,1993,482,-220,9,-24.444444444444443,161,-0.731818181818182,1,1,NaN
301,2019,628,-31,25,-1.24,NaN,NaN,NaN,NaN,NaN
302,1991,-44,-700,1,-700,406,-0.58,3,NaN,NaN
302,2007,-340,-677,1,-677,542,-0.800590841949778,2,2,7
303,2015,329,-419,1,-419,NaN,NaN,1,NaN,NaN
303,2019,626,-3,3,-1,NaN,NaN,NaN,NaN,NaN
304,2001,-102,-280,12,-23.333333333333332,75,-0.267857142857143,1,1,1
304,2009,7,-184,7,-26.285714285714285,175,-0.951086956521739,1,1,1
304,2019,80,-193,9,-21.444444444444443,NaN,NaN,NaN,NaN,NaN
305,2001,-108,-283,2,-141.5,235,-0.830388692579505,1,4,7
306,2007,-20,-482,2,-241,71,-0.147302904564315,NaN,NaN,NaN
307,2010,301,-93,13,-7.153846153846154,-358,3.849462365591398,NaN,NaN,NaN
307,2011,41,-260,1,-260,-116,0.446153846153846,NaN,NaN,NaN
307,2019,-75,-116,8,-14.5,NaN,NaN,NaN,NaN,NaN
308,1994,-221,-584,1,-584,240,-0.410958904109589,7,14,19
309,2015,-349,-805,1,-805,NaN,NaN,NaN,NaN,NaN
310,2003,241,-172,1,-172,24,-0.13953488372093,NaN,NaN,NaN
310,2014,-125,-455,1,-455,113,-0.248351648351648,NaN,NaN,NaN
311,2015,-121,-791,1,-791,NaN,NaN,3,NaN,NaN
312,2010,560,-3,26,-0.115384615384615,-533,177.66666666666666,NaN,NaN,NaN
312,2011,-239,-799,1,-799,614,-0.76846057571965,5,7,NaN
313,1991,288,-347,1,-347,210,-0.605187319884726,1,27,NaN
313,2013,261,-286,2,-143,323,-1.129370629370629,4,4,4
314,2000,-65,-262,1,-262,153,-0.583969465648855,8,9,9
314,2015,-110,-384,1,-384,NaN,NaN,1,NaN,NaN
315,1999,409,-243,2,-121.5,148,-0.609053497942387,3,10,10
315,2019,545,-126,10,-12.6,NaN,NaN,NaN,NaN,NaN
316,1999,738,-14,15,-0.933333333333333,-240,17.142857142857142,NaN,NaN,NaN
316,2001,498,-240,2,-120,76,-0.316666666666667,6,10,NaN
317,1989,124,-99,5,-19.8,-87,0.878787878787879,1,1,1
317,1991,37,-538,1,-538,64,-0.118959107806691,NaN,NaN,NaN
317,2006,-135,-172,15,-11.466666666666667,271,-1.575581395348837,1,1,1
317,2019,50,-23,12,-1.916666666666667,NaN,NaN,NaN,NaN,NaN
318,1997,-2,-546,1,-546,105,-0.192307692307692,15,NaN,NaN
319,2019,309,-179,9,-19.88888888888889,NaN,NaN,NaN,NaN,NaN
320,2009,690,-46,25,-1.84,-110,2.391304347826087,NaN,NaN,NaN
320,2010,-1,-691,1,-691,581,-0.840810419681621,2,2,NaN
321,2001,664,-29,17,-1.705882352941176,-145,5,NaN,NaN,NaN
321,2002,165,-499,1,-499,354,-0.709418837675351,2,9,NaN
322,2012,33,-261,1,-261,156,-0.597701149425287,1,NaN,NaN
322,2019,189,-3,6,-0.5,NaN,NaN,NaN,NaN,NaN
323,2015,522,-7,31,-0.225806451612903,NaN,NaN,1,1,1
323,2017,-370,-1026,1,-1026,NaN,NaN,NaN,NaN,NaN
324,2005,515,-18,21,-0.857142857142857,-270,15,NaN,NaN,NaN
324,2006,-114,-629,1,-629,359,-0.570747217806041,12,NaN,NaN
325,1994,43,-383,1,-383,-31,0.080939947780679,NaN,NaN,NaN
325,2004,-32,-75,10,-7.5,245,-3.266666666666667,1,1,2
326,1995,154,-230,1,-230,68,-0.295652173913043,8,8,8
326,2002,-18,-240,1,-240,467,-1.945833333333333,1,1,1
327,2019,605,-46,35,-1.314285714285714,NaN,NaN,NaN,NaN,NaN
328,1991,91,-562,1,-562,0,-0,25,25,25
328,2015,75,-16,24,-0.666666666666667,NaN,NaN,1,1,1
329,2010,-378,-987,1,-987,522,-0.52887537993921,NaN,NaN,NaN
330,2016,-29,-788,1,-788,NaN,NaN,NaN,NaN,NaN
330,2017,-66,-37,1,-37,NaN,NaN,1,1,1
331,1992,541,-65,8,-8.125,-136,2.092307692307692,20,20,20
331,1993,-93,-634,1,-634,498,-0.785488958990536,3,3,14
332,1995,-479,-803,1,-803,495,-0.616438356164384,5,9,13
332,2010,225,-270,1,-270,-402,1.488888888888889,NaN,NaN,NaN
332,2011,-439,-664,1,-664,309,-0.465361445783133,7,NaN,NaN
333,1999,-453,-1101,1,-1101,732,-0.664850136239782,5,17,NaN
334,2000,543,-57,16,-3.5625,-7,0.12280701754386,10,15,17
334,2003,403,-140,3,-46.666666666666664,150,-1.071428571428571,2,2,5
334,2018,460,-166,1,-166,NaN,NaN,NaN,NaN,NaN
335,2004,141,-159,2,-79.5,125,-0.786163522012579,1,2,3
335,2012,47,-286,5,-57.2,-76,0.265734265734266,NaN,NaN,NaN
335,2019,37,-10,7,-1.428571428571429,NaN,NaN,NaN,NaN,NaN
336,1986,81,-655,1,-655,435,-0.66412213740458,2,8,15
337,2007,200,-135,23,-5.869565217391305,-191,1.414814814814815,1,1,1
337,2010,290,-121,2,-60.5,-231,1.909090909090909,NaN,NaN,NaN
337,2011,-249,-539,1,-539,316,-0.586270871985158,2,NaN,NaN
338,1993,589,-92,9,-10.222222222222221,55,-0.597826086956522,16,16,16
338,1995,366,-223,2,-111.5,258,-1.15695067264574,1,1,1
338,2019,605,-4,23,-0.173913043478261,NaN,NaN,NaN,NaN,NaN
339,1998,138,-225,2,-112.5,217,-0.964444444444444,2,2,NaN
339,2008,258,-97,8,-12.125,-229,2.360824742268041,NaN,NaN,NaN
339,2009,-175,-433,1,-433,114,-0.263279445727483,9,NaN,NaN
340,1996,-70,-394,1,-394,336,-0.852791878172589,5,5,7
341,2000,68,-466,6,-77.66666666666667,431,-0.924892703862661,1,1,1
341,2002,267,-361,1,-361,242.5,-0.671745152354571,1,12,NaN
341,2019,548,-79,4,-19.75,NaN,NaN,NaN,NaN,NaN
342,1992,530,-133,8,-16.625,-150,1.12781954887218,20,23,NaN
342,1993,-371,-901,1,-901,718,-0.796892341842397,3,4,15
343,2000,117,-510,1,-510,141,-0.276470588235294,11,14,NaN
344,1991,289,-40,4,-10,-183,4.575,17,17,17
344,1992,50,-239,1,-239,118,-0.493723849372385,7,13,16
345,1990,268,-254,2,-127,323,-1.271653543307087,2,2,3
345,2019,520,-71,26,-2.730769230769231,NaN,NaN,NaN,NaN,NaN
346,2001,-192,-621,1,-621,615,-0.990338164251208,5,5,6
347,2015,189,-427,1,-427,NaN,NaN,NaN,NaN,NaN
348,1993,381,-278,9,-30.88888888888889,44,-0.158273381294964,1,3,4
348,1998,425,-240,1,-240,-22,0.091666666666667,15,15,NaN
348,2014,213,-441,1,-441,141,-0.319727891156463,NaN,NaN,NaN
349,2019,626,-37,35,-1.057142857142857,NaN,NaN,NaN,NaN,NaN
350,2004,690,-20,20,-1,0,-0,8,8,8
351,1993,-27,-104,1,-104,0,-0,8,12,12
351,2012,-60,-219,1,-219,0,-0,NaN,NaN,NaN
352,2019,624,-90,35,-2.571428571428572,NaN,NaN,NaN,NaN,NaN
353,1995,82,-609,1,-609,254,-0.417077175697865,10,19,NaN
354,2014,-53,-458,1,-458,166,-0.362445414847162,NaN,NaN,NaN
355,2001,-74,-47,17,-2.764705882352941,279,-5.936170212765957,1,1,1
355,2007,46,-118,5,-23.6,0,-0,9,9,NaN
355,2017,-81,-240,1,-240,NaN,NaN,NaN,NaN,NaN
356,2008,-239,-382,1,-382,0,-0,NaN,NaN,NaN
357,2019,655,-26,22,-1.181818181818182,NaN,NaN,NaN,NaN,NaN
358,2019,178,-82,13,-6.307692307692307,NaN,NaN,NaN,NaN,NaN
359,2000,59,-284,1,-284,0,-0,NaN,NaN,NaN
359,2019,-12,-71,19,-3.736842105263158,NaN,NaN,NaN,NaN,NaN
360,2004,-10,-118,19,-6.210526315789473,507,-4.296610169491525,1,1,1
361,2011,140,-93,7,-13.285714285714286,182,-1.956989247311828,1,1,1
362,2019,426,-17,35,-0.485714285714286,NaN,NaN,NaN,NaN,NaN
363,2018,-1,-515,1,-515,NaN,NaN,NaN,NaN,NaN
364,1999,-334,-948,1,-948,569,-0.600210970464135,5,15,NaN
364,2008,158,-140,3,-46.666666666666664,140,-1,1,1,1
365,2009,-260,-585,1,-585,508,-0.868376068376068,4,5,6
366,2010,243,-67,11,-6.090909090909091,-386,5.761194029850746,NaN,NaN,NaN
366,2011,-23,-266,1,-266,-63,0.236842105263158,NaN,NaN,NaN
367,1999,-543,-1094,1,-1094,716,-0.654478976234004,5,10,NaN
368,1998,184,-259,1,-259,59,-0.227799227799228,6,10,11
368,2010,338,-278,1,-278,83,-0.298561151079137,NaN,NaN,NaN
369,2010,534,-188,1,-188,-394,2.095744680851064,1,1,NaN
369,2014,-5,-637,1,-637,500,-0.784929356357928,2,NaN,NaN
369,2019,495,-4,3,-1.333333333333333,NaN,NaN,NaN,NaN,NaN
370,2015,-361,-981,1,-981,NaN,NaN,3,NaN,NaN
371,2013,131,-204,1,-204,-35,0.17156862745098,NaN,NaN,NaN
371,2019,96,-35,6,-5.833333333333333,NaN,NaN,NaN,NaN,NaN
372,1988,711,-35,4,-8.75,-224,6.4,16,16,16
372,1989,258,-453,1,-453,348,-0.768211920529801,5,7,13
372,2019,674,-86,15,-5.733333333333333,NaN,NaN,NaN,NaN,NaN
373,1996,-65,-461,1,-461,101,-0.219088937093275,16,17,NaN
374,2016,-80,-425,2,-212.5,NaN,NaN,NaN,NaN,NaN
375,2010,374,-247,3,-82.33333333333333,-615,2.489878542510121,3,3,NaN
375,2014,-241,-849,1,-849,0,-0,NaN,NaN,NaN
376,1996,738,-18,12,-1.5,-140,7.777777777777778,NaN,NaN,NaN
376,1997,245,-493,1,-493,198,-0.401622718052738,3,17,NaN
376,1999,189,-56,2,-28,392,-7,1,1,1
376,2012,445,-185,12,-15.416666666666666,242,-1.308108108108108,1,2,2
377,1989,390,-3,5,-0.6,38,-12.666666666666666,1,1,1
377,1993,405,-189,2,-94.5,29,-0.153439153439153,NaN,NaN,NaN
377,2009,387,-18,16,-1.125,-204,11.333333333333334,NaN,NaN,NaN
377,2010,183,-204,1,-204,0,-0,7,NaN,NaN
378,1998,555,-41,14,-2.928571428571428,-106,2.585365853658537,14,14,18
378,1999,321,-234,1,-234,128,-0.547008547008547,11,11,13
378,2008,367,-36,8,-4.5,228,-6.333333333333333,1,1,1
379,2005,338,-40,21,-1.904761904761905,-375,9.375,NaN,NaN,NaN
379,2006,-167,-505,1,-505,130,-0.257425742574257,NaN,NaN,NaN
379,2012,-88,-136,5,-27.2,191,-1.404411764705882,1,4,4
380,2003,673,-65,19,-3.421052631578947,-147,2.261538461538461,NaN,NaN,NaN
380,2004,526,-147,1,-147,0,-0,NaN,NaN,NaN
381,2001,272,-63,17,-3.705882352941177,-146,2.317460317460318,13,NaN,NaN
381,2002,-76,-348,1,-348,202,-0.580459770114943,11,11,12
381,2012,95,-9,8,-1.125,222,-24.666666666666668,1,1,1
382,1997,-66,-312,2,-156,264,-0.846153846153846,1,1,14
382,2010,85,-113,12,-9.416666666666666,31,-0.274336283185841,1,1,1
382,2019,-51,-321,8,-40.125,NaN,NaN,NaN,NaN,NaN
383,1998,519,-13,14,-0.928571428571429,-787,60.53846153846154,NaN,NaN,NaN
383,1999,-453,-972,1,-972,197,-0.202674897119342,NaN,NaN,NaN
383,2007,-237,-300,1,-300,0,-0,NaN,NaN,NaN
384,1993,354,-249,1,-249,345,-1.385542168674699,4,4,4
384,2017,447,-252,20,-12.6,NaN,NaN,1,1,NaN
385,2009,385,-252,1,-252,43,-0.170634920634921,1,NaN,NaN
386,1994,531,-65,10,-6.5,-304,4.676923076923077,17,17,17
386,1995,227,-304,1,-304,0,-0,8,8,16
386,2002,-100,-341,1,-341,621,-1.821114369501466,1,1,1
387,1996,557,-198,1,-198,0,-0,NaN,NaN,NaN
387,2007,423,-174,1,-174,195,-1.120689655172414,1,1,1
387,2019,656,-2,11,-0.181818181818182,NaN,NaN,NaN,NaN,NaN
388,NaN,NaN,NaN,NaN,NaN,NaN,NaN,NaN,NaN,NaN
389,NaN,NaN,NaN,NaN,NaN,NaN,NaN,NaN,NaN,NaN
390,2001,80,-312,1,-312,0,-0,NaN,NaN,NaN
391,2019,217,-4,35,-0.114285714285714,NaN,NaN,NaN,NaN,NaN
392,2015,274,-286,2,-143,NaN,NaN,NaN,NaN,NaN
393,NaN,NaN,NaN,NaN,NaN,NaN,NaN,NaN,NaN,NaN
394,1999,228,-144,1,-144,0,-0,10,NaN,NaN
394,2008,-187,-415,1,-415,518,-1.248192771084337,1,1,1
395,2019,628,-86,35,-2.457142857142857,NaN,NaN,NaN,NaN,NaN
396,2004,331,-276,1,-276,280,-1.014492753623188,1,3,3
396,2010,374,-299,3,-99.66666666666667,181,-0.605351170568562,1,1,1
396,2019,646,-44,8,-5.5,NaN,NaN,NaN,NaN,NaN
397,1995,-251,-659,1,-659,317,-0.48103186646434,11,11,NaN
397,2019,260,-49,7,-7,NaN,NaN,NaN,NaN,NaN
398,1998,304,-339,1,-339,195,-0.575221238938053,6,7,15
398,2016,457,-221,3,-73.66666666666667,NaN,NaN,1,1,1
398,2019,656,-55,2,-27.5,NaN,NaN,NaN,NaN,NaN
399,1995,-83,-172,1,-172,60,-0.348837209302326,7,9,9
399,2015,-48,-217,1,-217,NaN,NaN,1,3,NaN
399,2019,98,-26,3,-8.666666666666666,NaN,NaN,NaN,NaN,NaN
400,2015,690,-53,31,-1.709677419354839,NaN,NaN,NaN,NaN,NaN
400,2016,311,-379,1,-379,NaN,NaN,NaN,NaN,NaN
401,2006,-423,-761,1,-761,376,-0.494086727989487,6,11,NaN
402,1999,386,-294,2,-147,211,-0.717687074829932,4,6,12
402,2012,535,-168,1,-168,-33,0.196428571428571,4,4,NaN
402,2019,502,-188,3,-62.666666666666664,NaN,NaN,NaN,NaN,NaN
403,1988,60,-114,4,-28.5,398,-3.491228070175439,1,1,1
403,2003,181,-377,8,-47.125,196,-0.519893899204244,3,7,NaN
403,2019,310,-218,9,-24.22222222222222,NaN,NaN,NaN,NaN,NaN
404,2001,504,-107,13,-8.23076923076923,103,-0.962616822429907,4,4,7
404,2010,486,-236,1,-236,151,-0.639830508474576,1,1,NaN
404,2019,683,-4,8,-0.5,NaN,NaN,NaN,NaN,NaN
405,1995,-57,-484,1,-484,228,-0.471074380165289,13,NaN,NaN
406,1998,224,-368,1,-368,260,-0.706521739130435,1,6,14
406,2000,285,-212,1,-212,191,-0.900943396226415,3,3,4
407,1990,379,-131,1,-131,-63,0.480916030534351,1,1,2
407,1995,316,-268,2,-134,144,-0.537313432835821,1,1,NaN
407,2019,465,-75,23,-3.260869565217391,NaN,NaN,NaN,NaN,NaN
408,2002,50,-351,1,-351,109,-0.310541310541311,7,10,11
409,2009,312,-235,1,-235,115,-0.48936170212766,NaN,NaN,NaN
409,2011,255,-57,2,-28.5,167,-2.929824561403509,1,1,1
409,2019,422,-22,7,-3.142857142857143,NaN,NaN,NaN,NaN,NaN
410,2011,-45,-331,1,-331,0,-0,NaN,NaN,NaN
411,2002,284,-224,2,-112,0,-0,15,17,NaN
412,2001,-326,-600,1,-600,193,-0.321666666666667,13,NaN,NaN
413,2008,151,-72,24,-3,-195,2.708333333333333,NaN,NaN,NaN
413,2009,-248,-399,1,-399,246,-0.616541353383459,5,8,NaN
414,1998,524,-1,14,-0.071428571428571,-218,218,NaN,NaN,NaN
414,1999,35,-489,1,-489,271,-0.554192229038855,10,10,NaN
415,2015,503,-18,30,-0.6,NaN,NaN,NaN,NaN,NaN
415,2017,188,-315,2,-157.5,NaN,NaN,NaN,NaN,NaN
416,1991,-24,-372,1,-372,405,-1.088709677419355,2,2,2
416,2003,-89,-470,3,-156.66666666666666,484,-1.029787234042553,1,1,1
417,NaN,NaN,NaN,NaN,NaN,NaN,NaN,NaN,NaN,NaN
418,1994,301,-235,1,-235,101,-0.429787234042553,7,7,NaN
419,1999,-485,-1046,1,-1046,831,-0.794455066921606,4,17,NaN
420,2000,108,-353,1,-353,91,-0.257790368271955,13,18,NaN
421,2003,-21,-685,1,-685,371,-0.541605839416058,6,7,13
422,NaN,NaN,NaN,NaN,NaN,NaN,NaN,NaN,NaN,NaN
423,2019,535,-162,35,-4.628571428571429,NaN,NaN,NaN,NaN,NaN
424,2005,220,-435,1,-435,178,-0.409195402298851,7,7,NaN
425,2019,428,-102,35,-2.914285714285714,NaN,NaN,NaN,NaN,NaN
426,2019,385,-13,5,-2.6,NaN,NaN,NaN,NaN,NaN
427,2019,599,-33,35,-0.942857142857143,NaN,NaN,NaN,NaN,NaN
428,NaN,NaN,NaN,NaN,NaN,NaN,NaN,NaN,NaN,NaN
429,2016,-296,-964,1,-964,NaN,NaN,2,NaN,NaN
430,1990,157,-482,6,-80.33333333333333,198,-0.410788381742739,9,11,NaN
430,2002,251,-333,1,-333,245,-0.735735735735736,4,NaN,NaN
430,2019,318,-168,3,-56,NaN,NaN,NaN,NaN,NaN
431,1995,-523,-931,1,-931,757,-0.813104189044039,4,5,11
431,2003,141,-93,3,-31,232,-2.494623655913978,1,1,1
431,2019,310,-107,13,-8.23076923076923,NaN,NaN,NaN,NaN,NaN
432,1998,373,-226,6,-37.666666666666664,85,-0.376106194690265,15,20,NaN
432,2016,370,-171,2,-85.5,NaN,NaN,1,1,1
433,2004,-54,-586,1,-586,400,-0.68259385665529,4,10,NaN
433,2011,261,-129,1,-129,75,-0.581395348837209,1,1,1
434,1997,136,-346,2,-173,-25,0.072254335260116,1,10,15
434,2001,380,-21,3,-7,-15,0.714285714285714,4,4,4
434,2002,111,-269,1,-269,317,-1.178438661710037,2,3,3
435,2010,290,-102,7,-14.571428571428571,-295,2.892156862745098,NaN,NaN,NaN
435,2011,-432,-722,1,-722,390,-0.54016620498615,6,NaN,NaN
436,1993,589,-115,9,-12.777777777777779,-541,4.704347826086956,21,24,NaN
436,1994,-52,-641,1,-641,77,-0.1201248049922,14,15,16
437,2002,112,-507,1,-507,193,-0.380670611439842,9,NaN,NaN
438,2006,-47,-359,1,-359,-7,0.01949860724234,NaN,NaN,NaN
439,1986,-221,-494,1,-494,178,-0.360323886639676,9,11,26
439,2013,-197,-474,1,-474,136,-0.286919831223629,NaN,NaN,NaN
440,1995,337,-230,3,-76.66666666666667,225,-0.978260869565217,2,2,2
440,2013,427,-184,16,-11.5,192,-1.043478260869565,1,1,1
440,2019,619,-57,5,-11.4,NaN,NaN,NaN,NaN,NaN
441,1991,-338,-608,1,-608,399,-0.65625,4,9,16
441,2016,26,-310,1,-310,NaN,NaN,NaN,NaN,NaN
442,1988,513,-152,4,-38,-409,2.690789473684211,24,26,NaN
442,1989,-32,-545,1,-545,416,-0.763302752293578,5,7,7
442,1992,-111,-79,3,-26.333333333333332,566,-7.164556962025316,1,1,1
443,2016,96,-536,1,-536,NaN,NaN,1,NaN,NaN
444,1998,42,-502,1,-502,-126,0.250996015936255,16,16,17
444,2007,27,-15,9,-1.666666666666667,196,-13.066666666666666,2,2,2
445,2014,730,-9,30,-0.3,-216,24,NaN,NaN,NaN
445,2015,429,-301,1,-301,NaN,NaN,NaN,NaN,NaN
446,1985,54,-374,1,-374,207,-0.553475935828877,6,6,6
447,1997,326,-62,6,-10.333333333333334,-226,3.645161290322581,NaN,NaN,NaN
447,1998,19,-307,1,-307,81,-0.263843648208469,10,10,10
447,2019,173,-184,11,-16.727272727272727,NaN,NaN,NaN,NaN,NaN
448,2002,507,-118,17,-6.941176470588236,-56,0.474576271186441,8,8,8
448,2003,233,-274,1,-274,218,-0.795620437956204,1,6,6
448,2019,476,-206,9,-22.88888888888889,NaN,NaN,NaN,NaN,NaN
449,2008,-421,-557,1,-557,367,-0.658886894075404,5,9,NaN
450,1994,618,-55,10,-5.5,-123,2.236363636363636,13,13,13
450,1995,31,-587,1,-587,464,-0.79045996592845,3,11,12
450,2005,452,-43,7,-6.142857142857143,267,-6.209302325581396,1,1,1
451,2010,279,-236,1,-236,-82,0.347457627118644,NaN,NaN,NaN
451,2019,240,-39,9,-4.333333333333333,NaN,NaN,NaN,NaN,NaN
452,1993,562,-10,9,-1.111111111111111,-142,14.2,19,19,19
452,1994,338,-224,1,-224,82,-0.366071428571429,9,14,18
452,2010,388,-99,7,-14.142857142857142,315,-3.181818181818182,1,1,1
453,1999,72,-456,1,-456,80,-0.175438596491228,12,12,NaN
453,2019,430,-39,8,-4.875,NaN,NaN,NaN,NaN,NaN
454,1989,550,-143,5,-28.6,0,-0,25,27,NaN
455,2019,404,-72,35,-2.057142857142857,NaN,NaN,NaN,NaN,NaN
456,2015,-52,-601,1,-601,NaN,NaN,NaN,NaN,NaN
457,2006,-218,-358,1,-358,178,-0.497206703910615,NaN,NaN,NaN
458,2002,479,-98,18,-5.444444444444445,-134,1.36734693877551,NaN,NaN,NaN
458,2003,195,-284,1,-284,150,-0.528169014084507,7,7,NaN
459,1990,311,-70,6,-11.666666666666666,-109,1.557142857142857,1,1,1
459,1992,202,-366,1,-366,0,-0,NaN,NaN,NaN
459,2019,151,-51,27,-1.888888888888889,NaN,NaN,NaN,NaN,NaN
460,NaN,NaN,NaN,NaN,NaN,NaN,NaN,NaN,NaN,NaN
461,2019,592,-13,34,-0.382352941176471,NaN,NaN,NaN,NaN,NaN
462,1985,433,-157,1,-157,-100,0.636942675159236,1,12,23
462,1990,333,-210,4,-52.5,80,-0.380952380952381,1,3,3
462,2019,470,-27,28,-0.964285714285714,NaN,NaN,NaN,NaN,NaN
463,1998,621,-10,14,-0.714285714285714,-226,22.6,NaN,NaN,NaN
463,1999,163,-458,1,-458,263,-0.574235807860262,9,15,NaN
464,1998,603,-24,14,-1.714285714285714,-194,8.083333333333334,21,NaN,NaN
464,1999,364,-239,1,-239,44,-0.184100418410042,13,13,18
465,2004,378,-222,1,-222,116,-0.522522522522523,1,9,NaN
465,2006,316,-234,1,-234,70,-0.299145299145299,1,6,7
465,2019,374,-201,6,-33.5,NaN,NaN,NaN,NaN,NaN
466,1988,-82,-507,1,-507,345,-0.680473372781065,4,8,22
466,2009,9,-405,13,-31.153846153846153,252,-0.622222222222222,1,1,1
466,2019,293,-242,9,-26.88888888888889,NaN,NaN,NaN,NaN,NaN
467,2006,-9,-397,1,-397,45,-0.113350125944584,NaN,NaN,NaN
468,1990,664,-119,1,-119,-108,0.907563025210084,1,1,NaN
468,1995,556,-206,4,-51.5,141,-0.684466019417476,5,17,NaN
469,2001,-71,-417,2,-208.5,179,-0.429256594724221,1,3,7
469,2015,168,-90,13,-6.923076923076923,NaN,NaN,1,1,1
469,2019,189,-312,3,-104,NaN,NaN,NaN,NaN,NaN
470,1992,352,-317,1,-317,390,-1.230283911671924,1,1,4
470,2016,597,-12,23,-0.521739130434783,NaN,NaN,NaN,NaN,NaN
470,2019,256,-341,3,-113.66666666666667,NaN,NaN,NaN,NaN,NaN
471,1985,101,-171,1,-171,463,-2.707602339181287,1,1,1
471,1998,453,-18,11,-1.636363636363636,-288,16,6,6,6
471,2003,165,-288,5,-57.6,236,-0.819444444444444,1,1,1
471,2019,268,-253,15,-16.866666666666667,NaN,NaN,NaN,NaN,NaN
472,2005,105,-425,2,-212.5,129,-0.303529411764706,NaN,NaN,NaN
473,NaN,NaN,NaN,NaN,NaN,NaN,NaN,NaN,NaN,NaN
474,1999,351,-297,3,-99,322,-1.084175084175084,1,1,1
474,2019,516,-145,19,-7.631578947368421,NaN,NaN,NaN,NaN,NaN
475,2002,-340,-860,1,-860,486,-0.565116279069767,9,NaN,NaN
475,2015,-248,-549,1,-549,NaN,NaN,1,1,NaN
476,2016,-44,-648,1,-648,NaN,NaN,NaN,NaN,NaN
477,2001,700,-30,17,-1.764705882352941,-119,3.966666666666667,NaN,NaN,NaN
477,2002,146,-554,1,-554,450,-0.812274368231047,1,1,8
478,2019,613,-26,35,-0.742857142857143,NaN,NaN,NaN,NaN,NaN
479,NaN,NaN,NaN,NaN,NaN,NaN,NaN,NaN,NaN,NaN
480,2015,-77,-423,1,-423,NaN,NaN,NaN,NaN,NaN
481,1995,207,-14,11,-1.272727272727273,-159,11.357142857142858,18,18,18
481,1996,-225,-432,1,-432,290,-0.671296296296296,4,17,17
481,2012,7,-41,12,-3.416666666666667,147,-3.585365853658537,1,1,1
481,2019,154,-121,6,-20.166666666666668,NaN,NaN,NaN,NaN,NaN
482,1995,60,-524,1,-524,109,-0.208015267175573,17,17,NaN
482,2019,510,-16,7,-2.285714285714286,NaN,NaN,NaN,NaN,NaN
483,1985,209,-161,1,-161,306,-1.900621118012422,1,1,1
483,2000,127,-623,2,-311.5,246,-0.394863563402889,NaN,NaN,NaN
484,2014,-355,-884,1,-884,697,-0.788461538461538,1,NaN,NaN
485,2001,194,-441,1,-441,0,-0,NaN,NaN,NaN
486,2001,-37,-205,1,-205,0,-0,6,6,9
486,2011,192,-189,1,-189,-76,0.402116402116402,NaN,NaN,NaN
486,2019,108,-84,8,-10.5,NaN,NaN,NaN,NaN,NaN
487,2014,570,-47,30,-1.566666666666667,-245,5.212765957446808,NaN,NaN,NaN
487,2015,-3,-573,1,-573,NaN,NaN,NaN,NaN,NaN
488,2019,-2,-97,21,-4.619047619047619,NaN,NaN,NaN,NaN,NaN
489,2019,227,-2,6,-0.333333333333333,NaN,NaN,NaN,NaN,NaN
490,NaN,NaN,NaN,NaN,NaN,NaN,NaN,NaN,NaN,NaN
491,2019,133,-39,35,-1.114285714285714,NaN,NaN,NaN,NaN,NaN
492,2012,227,-328,1,-328,398,-1.213414634146341,1,1,1
493,1996,513,-186,1,-186,110,-0.591397849462366,7,7,NaN
494,2019,128,-8,35,-0.228571428571429,NaN,NaN,NaN,NaN,NaN
495,2002,-424,-1102,1,-1102,923,-0.837568058076225,1,3,NaN
496,1987,176,-298,1,-298,153,-0.513422818791946,4,4,25
496,1990,116,-60,3,-20,258,-4.3,1,1,1
496,2004,213,-243,13,-18.692307692307693,-7,0.02880658436214,2,6,8
497,1987,438,-126,3,-42,120,-0.952380952380952,1,1,1
497,2001,529,-84,13,-6.461538461538462,-336,4,NaN,NaN,NaN
497,2002,-273,-802,1,-802,404,-0.503740648379052,7,12,NaN
498,2006,-298,-553,1,-553,144,-0.260397830018083,11,NaN,NaN
499,2004,456,-221,8,-27.625,105,-0.475113122171946,1,2,10
499,2011,336,-283,4,-70.75,269,-0.950530035335689,1,1,1
499,2019,632,-11,7,-1.571428571428571,NaN,NaN,NaN,NaN,NaN
500,1988,-47,-132,4,-33,550,-4.166666666666667,1,1,1
500,2000,62,-612,5,-122.4,341,-0.55718954248366,8,8,NaN
500,2019,268,-303,11,-27.545454545454547,NaN,NaN,NaN,NaN,NaN
501,2014,643,-19,30,-0.633333333333333,-478,25.157894736842106,NaN,NaN,NaN
501,2015,154,-489,1,-489,NaN,NaN,NaN,NaN,NaN
501,2016,-99,-253,1,-253,NaN,NaN,2,2,2
502,1997,401,-264,1,-264,159,-0.602272727272727,4,4,16
502,2019,599,-25,18,-1.388888888888889,NaN,NaN,NaN,NaN,NaN
503,1985,-15,-100,1,-100,74,-0.74,1,12,12
503,2009,-237,-519,1,-519,241,-0.464354527938343,NaN,NaN,NaN
504,2003,577,-168,1,-168,65,-0.386904761904762,6,6,14
505,2006,-185,-513,1,-513,168,-0.327485380116959,NaN,NaN,NaN
506,1991,259,-276,7,-39.42857142857143,217,-0.786231884057971,3,3,3
506,2002,360,-240,1,-240,331,-1.379166666666667,2,3,3
506,2019,678,-13,13,-1,NaN,NaN,NaN,NaN,NaN
507,1992,345,-389,1,-389,277,-0.712082262210797,4,11,17
507,2017,571,-190,1,-190,NaN,NaN,1,1,1
508,2010,404,-47,26,-1.807692307692308,-257.5,5.478723404255319,NaN,NaN,NaN
508,2011,-43,-447,1,-447,178,-0.398210290827741,NaN,NaN,NaN
508,2019,127,-25,7,-3.571428571428572,NaN,NaN,NaN,NaN,NaN
509,1998,402,-181,13,-13.923076923076923,193,-1.066298342541437,2,3,3
510,1995,-409,-1009,1,-1009,845,-0.837462834489594,4,5,12
511,1993,339,-379,1,-379,-110,0.29023746701847,20,NaN,NaN
511,2002,9,-336,1,-336,171,-0.508928571428571,3,7,7
511,2019,301,-293,6,-48.833333333333336,NaN,NaN,NaN,NaN,NaN
512,2010,485,-48,26,-1.846153846153846,-241,5.020833333333333,NaN,NaN,NaN
512,2011,114,-371,1,-371,186,-0.501347708894879,NaN,NaN,NaN
513,2006,-467,-959,1,-959,672,-0.700729927007299,1,6,NaN
514,NaN,NaN,NaN,NaN,NaN,NaN,NaN,NaN,NaN,NaN
515,1992,-88,-715,1,-715,462,-0.646153846153846,5,9,NaN
516,2016,308,-373,1,-373,NaN,NaN,NaN,NaN,NaN
517,2013,367,-191,1,-191,73,-0.382198952879581,NaN,NaN,NaN
518,NaN,NaN,NaN,NaN,NaN,NaN,NaN,NaN,NaN,NaN
519,2008,231,-204,1,-204,61,-0.299019607843137,NaN,NaN,NaN
520,1999,-109,-133,14,-9.5,303,-2.278195488721805,1,1,1
520,2019,94,-100,18,-5.555555555555555,NaN,NaN,NaN,NaN,NaN
521,2002,321,-186,1,-186,261,-1.403225806451613,1,1,1
521,2019,493,-89,16,-5.5625,NaN,NaN,NaN,NaN,NaN
522,1993,-177,-815,1,-815,657,-0.806134969325153,1,1,NaN
523,2003,370,-116,19,-6.105263157894737,-232,2,NaN,NaN,NaN
523,2004,138,-232,1,-232,0,-0,NaN,NaN,NaN
524,2008,-11,-197,1,-197,0,-0,NaN,NaN,NaN
525,NaN,NaN,NaN,NaN,NaN,NaN,NaN,NaN,NaN,NaN
526,2012,267,-25,28,-0.892857142857143,-180,7.2,NaN,NaN,NaN
526,2013,87,-180,1,-180,0,-0,NaN,NaN,NaN
527,2019,499,-139,35,-3.971428571428572,NaN,NaN,NaN,NaN,NaN
528,2004,476,-173,2,-86.5,-47,0.271676300578035,6,NaN,NaN
528,2016,359,-211,2,-105.5,NaN,NaN,NaN,NaN,NaN
529,1999,-207,-843,1,-843,507,-0.601423487544484,5,19,NaN
530,1999,406,-344,2,-172,183,-0.531976744186046,9,NaN,NaN
531,2008,-240,-461,1,-461,141,-0.3058568329718,7,NaN,NaN
531,2019,-16,-71,4,-17.75,NaN,NaN,NaN,NaN,NaN
532,1990,-99,-46,6,-7.666666666666667,230,-5,1,1,1
532,2001,-265,-374,10,-37.4,246,-0.657754010695187,3,3,10
532,2019,-21,-102,15,-6.8,NaN,NaN,NaN,NaN,NaN
533,2013,393,-265,1,-265,2,-0.007547169811321,NaN,NaN,NaN
533,2015,309,-84,2,-42,NaN,NaN,1,1,1
533,2019,395,-101,3,-33.666666666666664,NaN,NaN,NaN,NaN,NaN
534,2006,401,-158,1,-158,-264,1.670886075949367,NaN,NaN,NaN
534,2011,137,-264,1,-264,164,-0.621212121212121,2,NaN,NaN
535,2015,-330,-914,1,-914,NaN,NaN,1,NaN,NaN
536,1993,-256,-586,1,-586,419,-0.715017064846416,4,6,7
536,1994,-311,-55,1,-55,544,-9.89090909090909,1,1,1
537,2012,111,-142,16,-8.875,-143,1.007042253521127,NaN,NaN,NaN
537,2013,-154,-265,1,-265,226,-0.852830188679245,5,5,NaN
538,1985,375,-494,1,-494,0,-0,7,7,NaN
538,2000,621,-226,8,-28.25,74,-0.327433628318584,16,NaN,NaN
538,2001,197,-424,1,-424,281,-0.662735849056604,4,4,4
539,2002,-11,-192,16,-12,292,-1.520833333333333,1,1,1
539,2019,73,-279,3,-93,NaN,NaN,NaN,NaN,NaN
540,1985,54,-258,1,-258,95,-0.368217054263566,9,9,28
540,2016,280,-197,1,-197,NaN,NaN,NaN,NaN,NaN
541,1996,164,-435,1,-435,283,-0.650574712643678,3,16,NaN
541,2015,228,-342,1,-342,NaN,NaN,2,2,NaN
542,2010,336,-96,9,-10.666666666666666,-352,3.666666666666667,NaN,NaN,NaN
542,2011,-397,-733,1,-733,381,-0.519781718963165,6,NaN,NaN
543,2019,590,-112,35,-3.2,NaN,NaN,NaN,NaN,NaN
544,2014,562,-86,30,-2.866666666666667,-199,2.313953488372093,NaN,NaN,NaN
544,2015,-282,-844,1,-844,NaN,NaN,1,NaN,NaN
545,2000,343,-276,8,-34.5,141,-0.510869565217391,11,11,NaN
546,1985,233,-322,1,-322,376,-1.167701863354037,5,5,5
546,1989,-93,-326,4,-81.5,755,-2.315950920245399,1,1,1
546,2009,443,-166,19,-8.736842105263158,398,-2.397590361445783,1,1,1
546,2019,827,-127,9,-14.11111111111111,NaN,NaN,NaN,NaN,NaN
547,1998,419,-205,1,-205,132,-0.64390243902439,1,6,6
548,1992,-36,-46,8,-5.75,781,-16.97826086956522,1,1,1
548,2000,563,-182,6,-30.333333333333332,-659,3.620879120879121,16,16,16
548,2001,-116,-679,1,-679,20,-0.029455081001473,9,9,9
548,2019,297,-298,9,-33.111111111111114,NaN,NaN,NaN,NaN,NaN
549,2006,-493,-1027,1,-1027,617,-0.600778967867575,3,NaN,NaN
550,2010,564,-27,26,-1.038461538461539,-310,11.481481481481481,NaN,NaN,NaN
550,2011,-138,-702,1,-702,392,-0.558404558404558,NaN,NaN,NaN
550,2019,239,-15,6,-2.5,NaN,NaN,NaN,NaN,NaN
551,2019,583,-81,35,-2.314285714285715,NaN,NaN,NaN,NaN,NaN
552,2019,9,-99,25,-3.96,NaN,NaN,NaN,NaN,NaN
553,2019,455,-116,35,-3.314285714285715,NaN,NaN,NaN,NaN,NaN
554,2007,253,-245,1,-245,0,-0,NaN,NaN,NaN
555,2011,222,-370,1,-370,121,-0.327027027027027,NaN,NaN,NaN
556,1999,114,-174,1,-174,0,-0,NaN,NaN,NaN
556,2007,-181,-295,1,-295,248,-0.840677966101695,1,1,NaN
557,2017,537,-79,33,-2.393939393939394,NaN,NaN,NaN,NaN,NaN
557,2018,320,-217,1,-217,NaN,NaN,NaN,NaN,NaN
558,2019,441,-16,34,-0.470588235294118,NaN,NaN,NaN,NaN,NaN
559,1999,287,-174,2,-87,0,-0,NaN,NaN,NaN
559,2019,276,-11,20,-0.55,NaN,NaN,NaN,NaN,NaN
560,NaN,NaN,NaN,NaN,NaN,NaN,NaN,NaN,NaN,NaN
561,1992,-166,-686,3,-228.66666666666666,554.5,-0.808309037900875,1,1,1
561,2002,29,-598,9,-66.44444444444444,211,-0.352842809364548,1,2,2
561,2019,386,-246,15,-16.4,NaN,NaN,NaN,NaN,NaN
562,2002,-31,-520,1,-520,304,-0.584615384615385,4,10,15
563,1998,654,-16,14,-1.142857142857143,-288,18,NaN,NaN,NaN
563,1999,311,-343,1,-343,160,-0.466472303206997,9,13,NaN
564,2002,196,-524,1,-524,473,-0.902671755725191,1,5,13
565,2015,-490,-1064,1,-1064,NaN,NaN,NaN,NaN,NaN
566,1999,-490,-1101,1,-1101,941,-0.854677565849228,2,4,18
567,1987,330,-223,1,-223,141,-0.632286995515695,1,6,12
567,2003,261,-337,4,-84.25,314,-0.931750741839763,1,1,13
568,2001,646,-68,17,-4,-156,2.294117647058823,11,12,12
568,2002,191,-455,1,-455,437,-0.96043956043956,1,5,6
569,2000,-71,-553,1,-553,337,-0.609403254972875,2,14,18
570,1992,142,-177,8,-22.125,252,-1.423728813559322,1,1,1
570,2007,245,-321,8,-40.125,115,-0.358255451713396,7,7,7
570,2019,278,-309,5,-61.8,NaN,NaN,NaN,NaN,NaN
571,1990,82,-115,6,-19.166666666666668,147,-1.278260869565217,1,1,1
571,2001,-9,-420,7,-60,170,-0.404761904761905,6,13,NaN
571,2015,167,-227,1,-227,NaN,NaN,NaN,NaN,NaN
571,2019,121,-46,4,-11.5,NaN,NaN,NaN,NaN,NaN
572,2013,-275,-509,1,-509,251,-0.493123772102161,6,NaN,NaN
573,2002,362,-256,2,-128,96,-0.375,6,6,8
573,2019,497,-171,9,-19,NaN,NaN,NaN,NaN,NaN
574,1987,477,-134,2,-67,182,-1.358208955223881,1,1,1
574,1995,486,-161,1,-161,95,-0.590062111801242,1,16,NaN
575,2012,323,-38,28,-1.357142857142857,-388,10.210526315789474,1,1,1
575,2014,-295,-967,1,-967,230,-0.237849017580145,NaN,NaN,NaN
576,1998,289,-22,14,-1.571428571428571,-557,25.318181818181817,16,16,16
576,1999,-276,-565,1,-565,8,-0.014159292035398,13,15,15
577,1991,235,-306,1,-306,-62,0.202614379084967,16,16,16
577,2008,370,-216,1,-216,94,-0.435185185185185,NaN,NaN,NaN
578,2006,-180,-454,1,-454,175,-0.385462555066079,NaN,NaN,NaN
578,2019,-28,-23,12,-1.916666666666667,NaN,NaN,NaN,NaN,NaN
579,2019,315,-62,35,-1.771428571428571,NaN,NaN,NaN,NaN,NaN
580,1993,439,-158,1,-158,-19,0.120253164556962,1,2,2
580,1997,420,-233,2,-116.5,0,-0,NaN,NaN,NaN
581,2006,144,-21,22,-0.954545454545455,-294,14,NaN,NaN,NaN
581,2007,-182,-326,1,-326,32,-0.098159509202454,7,NaN,NaN
581,2019,-3,-60,5,-12,NaN,NaN,NaN,NaN,NaN
582,2004,-115,-707,1,-707,462,-0.653465346534653,5,8,NaN
583,2017,263,-374,1,-374,NaN,NaN,NaN,NaN,NaN
584,1998,478,-158,1,-158,0,-0,8,8,8
584,2019,611,-53,13,-4.076923076923077,NaN,NaN,NaN,NaN,NaN
585,1996,-107,-563,1,-563,529,-0.939609236234458,4,5,21
586,NaN,NaN,NaN,NaN,NaN,NaN,NaN,NaN,NaN,NaN
587,2002,645,-45,18,-2.5,-295,6.555555555555555,8,NaN,NaN
587,2003,350,-295,1,-295,0,-0,7,7,7
587,2011,292,-380,1,-380,246,-0.647368421052632,5,NaN,NaN
588,2015,-23,-265,1,-265,NaN,NaN,NaN,NaN,NaN
589,1998,538,-2,14,-0.142857142857143,-68,34,18,18,18
589,1999,188,-350,1,-350,282,-0.805714285714286,1,1,17
590,NaN,NaN,NaN,NaN,NaN,NaN,NaN,NaN,NaN,NaN
591,NaN,NaN,NaN,NaN,NaN,NaN,NaN,NaN,NaN,NaN
592,1998,427,-122,14,-8.714285714285714,297,-2.434426229508197,1,1,1
592,2019,666,-58,20,-2.9,NaN,NaN,NaN,NaN,NaN
593,2019,643,-3,35,-0.085714285714286,NaN,NaN,NaN,NaN,NaN
594,2013,-413,-721,1,-721,559,-0.775312066574202,4,6,NaN
595,2016,-529,-723,1,-723,NaN,NaN,NaN,NaN,NaN
596,1995,-279,-778,1,-778,590,-0.758354755784062,2,2,16
596,1998,232,-144,1,-144,19,-0.131944444444444,6,7,7
597,1998,553,-39,14,-2.785714285714286,-262,6.717948717948718,NaN,NaN,NaN
597,1999,-208,-761,1,-761,516,-0.678055190538765,2,7,NaN
597,2007,205,-292,1,-292,72,-0.246575342465753,2,7,7
598,1986,56,-16,2,-8,78,-4.875,1,1,1
598,1988,-26,-286,1,-286,178,-0.622377622377622,4,17,17
598,2016,221,-179,1,-179,NaN,NaN,1,1,NaN
599,1989,596,-132,5,-26.4,58,-0.439393939393939,2,2,6
599,1996,366,-412,1,-412,80,-0.194174757281553,13,18,NaN
600,1991,425,-231,1,-231,181,-0.783549783549784,5,6,22
600,2010,444,-185,1,-185,142,-0.767567567567568,1,2,2
600,2019,565,-184,5,-36.8,NaN,NaN,NaN,NaN,NaN
601,2010,523,-67,8,-8.375,-211,3.149253731343284,NaN,NaN,NaN
601,2011,-481,-1004,1,-1004,715,-0.712151394422311,4,6,NaN
602,2011,-212,-276,1,-276,134,-0.485507246376812,2,NaN,NaN
602,2019,-57,-46,6,-7.666666666666667,NaN,NaN,NaN,NaN,NaN
603,1985,150,-453,1,-453,353,-0.77924944812362,1,9,9
603,2003,-84,-587,17,-34.529411764705884,434,-0.739352640545145,2,2,2
603,2010,335,-271,5,-54.2,463,-1.708487084870849,1,2,2
604,1999,477,-191,4,-47.75,30,-0.157068062827225,NaN,NaN,NaN
604,2012,433,-146,1,-146,-3,0.020547945205479,2,NaN,NaN
604,2019,430,-3,7,-0.428571428571429,NaN,NaN,NaN,NaN,NaN
605,1999,-279,-775,1,-775,207,-0.267096774193548,14,NaN,NaN
605,2014,-135,-401,1,-401,193,-0.481296758104738,NaN,NaN,NaN
606,1993,113,-336,5,-67.2,-18,0.053571428571429,23,NaN,NaN
607,1989,-185,-378,5,-75.6,269,-0.711640211640212,1,1,1
607,2009,-26,-709,4,-177.25,418,-0.589562764456982,1,1,1
607,2019,392,-374,9,-41.55555555555556,NaN,NaN,NaN,NaN,NaN
608,2005,239,-236,10,-23.6,-267,1.13135593220339,NaN,NaN,NaN
608,2006,-481,-720,1,-720,444,-0.616666666666667,4,NaN,NaN
609,NaN,NaN,NaN,NaN,NaN,NaN,NaN,NaN,NaN,NaN
610,2004,258,-312,2,-156,228,-0.730769230769231,4,6,6
610,2015,-252,-777,1,-777,NaN,NaN,2,NaN,NaN
611,1988,78,-27,4,-6.75,341,-12.62962962962963,1,1,1
611,2000,127,-292,4,-73,202,-0.691780821917808,1,8,8
612,1989,226,-182,3,-60.666666666666664,189,-1.038461538461539,1,1,1
612,2000,300,-182,10,-18.2,111,-0.60989010989011,1,1,1
612,2019,370,-123,18,-6.833333333333333,NaN,NaN,NaN,NaN,NaN
613,1990,-140,-81,6,-13.5,244,-3.012345679012346,1,1,1
613,1997,8,-198,6,-33,0,-0,NaN,NaN,NaN
614,2010,458,-118,26,-4.538461538461538,27,-0.228813559322034,1,2,2
614,2019,594,-62,5,-12.4,NaN,NaN,NaN,NaN,NaN
615,1994,205,-502,10,-50.2,563,-1.121513944223107,1,1,1
615,2001,768,-65,6,-10.833333333333334,-223,3.430769230769231,10,10,10
615,2002,-183,-951,1,-951,728,-0.765509989484753,1,9,9
616,2008,-514,-721,1,-721,626,-0.868238557558946,4,4,NaN
617,2013,-139,-356,1,-356,103,-0.289325842696629,NaN,NaN,NaN
618,2019,279,-129,35,-3.685714285714285,NaN,NaN,NaN,NaN,NaN
619,1995,262,-297,1,-297,296,-0.996632996632997,1,3,NaN
619,2009,530,-28,11,-2.545454545454545,-255,9.107142857142858,NaN,NaN,NaN
619,2010,343,-187,1,-187,-68,0.363636363636364,NaN,NaN,NaN
619,2019,275,-68,9,-7.555555555555555,NaN,NaN,NaN,NaN,NaN
620,1996,126,-29,12,-2.416666666666667,205,-7.068965517241379,1,1,1
620,2009,326,-20,12,-1.666666666666667,-192,9.6,NaN,NaN,NaN
620,2010,41,-285,1,-285,120,-0.421052631578947,NaN,NaN,NaN
621,1995,-322,-934,1,-934,596,-0.638115631691649,1,10,NaN
622,2019,657,-47,35,-1.342857142857143,NaN,NaN,NaN,NaN,NaN
623,2019,497,-93,35,-2.657142857142857,NaN,NaN,NaN,NaN,NaN
624,2012,648,-61,28,-2.178571428571428,-308,5.049180327868853,NaN,NaN,NaN
624,2013,340,-308,1,-308,0,-0,NaN,NaN,NaN
625,1998,639,-18,14,-1.285714285714286,-136,7.555555555555555,NaN,NaN,NaN
625,1999,503,-136,1,-136,0,-0,NaN,NaN,NaN
626,NaN,NaN,NaN,NaN,NaN,NaN,NaN,NaN,NaN,NaN
627,2006,-167,-475,1,-475,80,-0.168421052631579,4,NaN,NaN
627,2011,-87,-207,1,-207,42,-0.202898550724638,3,3,NaN
628,1995,194,-235,11,-21.363636363636363,88,-0.374468085106383,2,2,2
628,2002,173,-342,5,-68.4,234,-0.684210526315789,2,3,8
628,2015,307,-367,2,-183.5,NaN,NaN,NaN,NaN,NaN
629,1990,9,-208,3,-69.33333333333333,62,-0.298076923076923,2,3,NaN
629,1996,-35,-223,3,-74.33333333333333,103,-0.461883408071749,3,10,NaN
629,2019,-34,-181,13,-13.923076923076923,NaN,NaN,NaN,NaN,NaN
630,1998,508,-222,1,-222,131,-0.59009009009009,1,14,NaN
630,2015,217,-470,1,-470,NaN,NaN,2,NaN,NaN
631,1998,6,-692,1,-692,69,-0.09971098265896,16,NaN,NaN
631,2000,-230,-236,2,-118,365,-1.546610169491526,1,1,2
632,1999,-349,-481,1,-481,204,-0.424116424116424,7,NaN,NaN
633,2009,43,-243,7,-34.714285714285715,-46,0.189300411522634,1,1,1
633,2015,-121,-418,5,-83.6,NaN,NaN,1,1,NaN
633,2019,-38,-254,3,-84.66666666666667,NaN,NaN,NaN,NaN,NaN
634,1999,77,-273,4,-68.25,26,-0.095238095238095,NaN,NaN,NaN
634,2006,-161,-264,1,-264,218,-0.825757575757576,5,5,12
635,1987,448,-311,1,-311,83,-0.266881028938907,NaN,NaN,NaN
635,1995,248,-372,1,-372,306,-0.82258064516129,3,4,4
635,2019,527,-97,20,-4.85,NaN,NaN,NaN,NaN,NaN
636,2006,623,-92,22,-4.181818181818182,-717,7.793478260869565,NaN,NaN,NaN
636,2007,-61,-684,1,-684,-33,0.048245614035088,NaN,NaN,NaN
637,2002,-451,-1164,1,-1164,826,-0.709621993127148,4,12,NaN
638,1992,598,-26,8,-3.25,-347,13.346153846153847,NaN,NaN,NaN
638,1993,171,-427,1,-427,80,-0.187353629976581,18,24,NaN
639,2013,-69,-411,1,-411,-154,0.374695863746959,NaN,NaN,NaN
639,2019,-223,-154,6,-25.666666666666668,NaN,NaN,NaN,NaN,NaN
640,2016,-249,-869,1,-869,NaN,NaN,2,NaN,NaN
641,2000,-51,-332,1,-332,25,-0.075301204819277,NaN,NaN,NaN
642,2008,675,-35,24,-1.458333333333333,25,-0.714285714285714,5,NaN,NaN
642,2009,497,-178,1,-178,178,-1,3,3,4
643,2011,-410,-591,1,-591,520,-0.879864636209814,4,5,NaN
644,1991,54,-41,7,-5.857142857142857,122,-2.975609756097561,1,1,1
644,1997,176,-70,5,-14,-88,1.257142857142857,1,1,1
644,1999,88,-229,1,-229,0,-0,11,12,NaN
645,2019,651,-30,35,-0.857142857142857,NaN,NaN,NaN,NaN,NaN
646,2010,600,-12,14,-0.857142857142857,-135,11.25,NaN,NaN,NaN
646,2011,150,-450,1,-450,315,-0.7,3,NaN,NaN
647,2000,82,-184,1,-184,0,-0,13,NaN,NaN
648,2008,424,-388,1,-388,0,-0,10,10,10
649,NaN,NaN,NaN,NaN,NaN,NaN,NaN,NaN,NaN,NaN
650,1995,257,-430,1,-430,0,-0,16,16,16
650,2003,234,-23,8,-2.875,235,-10.217391304347826,1,1,1
651,2001,48,-633,1,-633,99,-0.156398104265403,15,NaN,NaN
652,2013,17,-435,1,-435,280,-0.64367816091954,1,NaN,NaN
653,1992,-101,-89,8,-11.125,350,-3.932584269662921,1,1,1
653,2005,24,-225,1,-225,163,-0.724444444444444,1,NaN,NaN
653,2019,55,-132,13,-10.153846153846153,NaN,NaN,NaN,NaN,NaN
654,NaN,NaN,NaN,NaN,NaN,NaN,NaN,NaN,NaN,NaN
655,1993,463,-147,1,-147,0,-0,9,9,NaN
656,1998,463,-131,1,-131,5,-0.038167938931298,10,NaN,NaN
657,2019,308,-13,18,-0.722222222222222,NaN,NaN,NaN,NaN,NaN
658,2009,27,-151,1,-151,-22,0.145695364238411,NaN,NaN,NaN
658,2019,5,-22,10,-2.2,NaN,NaN,NaN,NaN,NaN
659,2019,809,-36,3,-12,NaN,NaN,NaN,NaN,NaN
660,1997,-39,-223,2,-111.5,173,-0.775784753363229,1,2,14
660,2001,-167,-312,2,-156,228,-0.730769230769231,1,1,4
660,2019,80,-54,17,-3.176470588235294,NaN,NaN,NaN,NaN,NaN
661,2010,323,-269,7,-38.42857142857143,-192,0.713754646840149,NaN,NaN,NaN
661,2011,-413,-736,1,-736,544,-0.739130434782609,2,6,NaN
662,2001,-108,-286,2,-143,259,-0.905594405594406,1,1,1
662,2009,73,-168,7,-24,172,-1.023809523809524,1,1,1
662,2019,41,-233,9,-25.88888888888889,NaN,NaN,NaN,NaN,NaN
663,2014,538,-198,1,-198,157,-0.792929292929293,2,2,NaN
664,2005,390,-84,21,-4,-339,4.035714285714286,NaN,NaN,NaN
664,2006,-384,-774,1,-774,438,-0.565891472868217,6,11,NaN
665,1992,570,-3,8,-0.375,-132,44,21,21,21
665,1997,438,-132,5,-26.4,-7,0.053030303030303,14,14,16
665,2015,-71,-745,1,-745,NaN,NaN,1,2,NaN
665,2019,493,-19,3,-6.333333333333333,NaN,NaN,NaN,NaN,NaN
666,1998,-98,-715,1,-715,84,-0.117482517482517,12,13,13
667,2006,-336,-537,1,-537,211,-0.39292364990689,NaN,NaN,NaN
668,1988,-160,-524,4,-131,262,-0.5,1,1,1
668,2000,397,-120,11,-10.909090909090908,-209,1.741666666666667,6,6,6
668,2002,-241,-638,2,-319,494,-0.774294670846395,3,4,4
669,2011,-229,-554,1,-554,215,-0.388086642599278,NaN,NaN,NaN
669,2019,39,-2,6,-0.333333333333333,NaN,NaN,NaN,NaN,NaN
670,2015,672,-6,31,-0.193548387096774,NaN,NaN,NaN,NaN,NaN
670,2016,277,-395,1,-395,NaN,NaN,NaN,NaN,NaN
670,2019,419,-74,2,-37,NaN,NaN,NaN,NaN,NaN
671,1992,329,-292,8,-36.5,300,-1.027397260273973,1,2,2
671,2000,629,-64,6,-10.666666666666666,-242,3.78125,NaN,NaN,NaN
671,2002,235,-394,2,-197,194,-0.49238578680203,9,9,13
671,2019,559,-79,4,-19.75,NaN,NaN,NaN,NaN,NaN
672,1995,-500,-897,1,-897,516,-0.575250836120401,8,13,18
673,2001,252,-716,1,-716,202,-0.282122905027933,7,NaN,NaN
673,2005,110,-142,4,-35.5,99,-0.697183098591549,1,1,1
673,2009,173,-574,1,-574,36,-0.062717770034843,NaN,NaN,NaN
674,2006,495,-140,7,-20,-79,0.564285714285714,3,3,NaN
674,2007,267,-228,1,-228,237,-1.039473684210526,2,2,2
674,2011,416,-201,2,-100.5,122,-0.606965174129353,5,NaN,NaN
675,2013,-109,-409,1,-409,116,-0.28361858190709,NaN,NaN,NaN
676,2016,-464,-997,1,-997,NaN,NaN,2,NaN,NaN
677,1999,585,-7,15,-0.466666666666667,-154,22,NaN,NaN,NaN
677,2001,224,-361,2,-180.5,208,-0.57617728531856,8,11,NaN
678,1989,9,-195,2,-97.5,181,-0.928205128205128,1,1,1
678,2001,-41,-324,11,-29.454545454545453,129,-0.398148148148148,3,3,NaN
678,2019,-17,-252,15,-16.8,NaN,NaN,NaN,NaN,NaN
679,1994,511,-138,3,-46,-115,0.833333333333333,19,19,NaN
679,1995,215,-296,1,-296,181,-0.611486486486487,1,7,13
680,1991,391,-210,1,-210,0,-0,9,12,12
680,1999,250,-141,8,-17.625,189,-1.340425531914894,1,1,1
680,2019,507,-17,19,-0.894736842105263,NaN,NaN,NaN,NaN,NaN
681,2014,260,-276,1,-276,74,-0.268115942028986,NaN,NaN,NaN
682,2001,256,-282,1,-282,-101,0.358156028368794,NaN,NaN,NaN
683,2004,-33,-116,20,-5.8,287,-2.474137931034483,1,1,1
683,2006,70,-102,1,-102,140,-1.372549019607843,1,1,1
683,2019,-45,-299,12,-24.916666666666668,NaN,NaN,NaN,NaN,NaN
684,1999,-70,-569,1,-569,187,-0.328646748681898,14,NaN,NaN
685,2004,572,-165,2,-82.5,138,-0.836363636363636,5,5,NaN
686,1997,-60,-15,13,-1.153846153846154,237,-15.8,1,1,1
686,2006,-177,-354,1,-354,226,-0.638418079096045,1,NaN,NaN
687,2010,688,-16,26,-0.615384615384615,-34,2.125,NaN,NaN,NaN
687,2011,454,-234,1,-234,200,-0.854700854700855,1,4,NaN
688,1985,224,-294,1,-294,255,-0.86734693877551,4,4,4
688,2019,457,-89,30,-2.966666666666667,NaN,NaN,NaN,NaN,NaN
689,NaN,NaN,NaN,NaN,NaN,NaN,NaN,NaN,NaN,NaN
690,NaN,NaN,NaN,NaN,NaN,NaN,NaN,NaN,NaN,NaN
691,2010,568,-74,26,-2.846153846153846,-384,5.189189189189189,NaN,NaN,NaN
691,2011,184,-384,1,-384,0,-0,NaN,NaN,NaN
692,2019,634,-43,35,-1.228571428571429,NaN,NaN,NaN,NaN,NaN
693,2006,-45,-407,1,-407,86,-0.211302211302211,NaN,NaN,NaN
694,2002,396,-262,10,-26.2,119,-0.454198473282443,12,NaN,NaN
695,2006,-477,-863,1,-863,617,-0.71494785631518,2,6,NaN
696,2011,415,-136,27,-5.037037037037037,-534,3.926470588235294,1,1,3
696,2016,-119,-844,1,-844,NaN,NaN,NaN,NaN,NaN
697,1990,292,-342,1,-342,222,-0.649122807017544,5,6,6
697,1993,329,-89,2,-44.5,325,-3.651685393258427,1,1,1
698,2004,116,-4,20,-0.2,-180,45,14,NaN,NaN
698,2005,-322,-438,1,-438,169,-0.385844748858447,3,10,13
698,2010,-153,-121,2,-60.5,196,-1.619834710743802,1,1,1
699,1998,95,-366,4,-91.5,308,-0.841530054644809,1,1,1
699,2002,-1,-526,3,-175.33333333333334,600,-1.140684410646388,1,5,5
700,2015,-139,-330,1,-330,NaN,NaN,NaN,NaN,NaN
701,1996,124,-583,1,-583,277,-0.475128644939966,4,20,NaN
702,1995,-426,-737,1,-737,454,-0.616010854816825,5,10,NaN
702,2011,-395,-625,1,-625,332,-0.5312,NaN,NaN,NaN
703,2002,-138,-1078,1,-1078,222,-0.205936920222635,8,8,14
703,2009,178,-227,6,-37.833333333333336,473,-2.083700440528634,1,1,1
704,1995,-102,-351,1,-351,118,-0.336182336182336,9,9,21
705,2011,418,-80,27,-2.962962962962963,-254,3.175,1,1,1
705,2013,42,-534,1,-534,241,-0.451310861423221,NaN,NaN,NaN
706,2011,-100,-391,1,-391,97,-0.248081841432225,NaN,NaN,NaN
707,1994,434,-133,10,-13.3,66,-0.496240601503759,6,6,7
707,2003,437,-181,1,-181,102,-0.56353591160221,1,1,6
707,2015,406,-183,11,-16.636363636363637,NaN,NaN,1,1,3
708,2009,-110,-334,1,-334,20,-0.059880239520958,NaN,NaN,NaN
709,2011,-343,-814,1,-814,654,-0.803439803439803,1,5,NaN
710,2011,198,-170,2,-85,-56,0.329411764705882,NaN,NaN,NaN
711,1987,702,-113,3,-37.666666666666664,-120,1.061946902654867,NaN,NaN,NaN
711,1989,-63,-765,2,-382.5,617,-0.806535947712418,1,1,NaN
711,1995,554,-37,5,-7.4,-164,4.432432432432432,NaN,NaN,NaN
711,1997,69,-485,2,-242.5,321,-0.661855670103093,3,10,NaN
712,1995,436,-23,11,-2.090909090909091,-103,4.478260869565218,10,10,10
712,1996,13,-423,1,-423,354,-0.836879432624113,3,5,8
713,1999,85,-455,1,-455,115,-0.252747252747253,19,NaN,NaN
714,1995,659,-3,11,-0.272727272727273,-91,30.333333333333332,NaN,NaN,NaN
714,1996,296,-363,1,-363,231,-0.636363636363636,4,12,NaN
715,NaN,NaN,NaN,NaN,NaN,NaN,NaN,NaN,NaN,NaN
716,1993,-17,-224,1,-224,101,-0.450892857142857,21,NaN,NaN
717,2006,-277,-503,1,-503,156,-0.31013916500994,NaN,NaN,NaN
718,2008,234,-189,1,-189,0,-0,NaN,NaN,NaN
719,2009,-145,-298,1,-298,76,-0.25503355704698,NaN,NaN,NaN
720,2019,576,-20,35,-0.571428571428571,NaN,NaN,NaN,NaN,NaN
721,1998,-47,-374,1,-374,113,-0.302139037433155,NaN,NaN,NaN
722,2019,692,-14,35,-0.4,NaN,NaN,NaN,NaN,NaN
723,NaN,NaN,NaN,NaN,NaN,NaN,NaN,NaN,NaN,NaN
724,1997,-50,-557,1,-557,0,-0,NaN,NaN,NaN
725,2011,-21,-237,1,-237,-22,0.092827004219409,NaN,NaN,NaN
725,2019,-43,-22,8,-2.75,NaN,NaN,NaN,NaN,NaN
726,1988,-81,-116,4,-29,206,-1.775862068965517,2,2,3
726,2001,-27,-227,5,-45.4,126,-0.555066079295154,2,2,4
726,2019,181,-46,14,-3.285714285714286,NaN,NaN,NaN,NaN,NaN
727,1993,517,-212,9,-23.555555555555557,144,-0.679245283018868,1,2,7
727,2004,667,-18,10,-1.8,-67,3.722222222222222,12,12,12
727,2005,427,-240,1,-240,197,-0.820833333333333,2,5,8
728,1986,477,-205,2,-102.5,165,-0.804878048780488,1,3,3
728,2010,668,-22,21,-1.047619047619048,23,-1.045454545454545,5,5,5
728,2011,446,-222,1,-222,182,-0.81981981981982,1,3,3
729,1985,104,-132,1,-132,42,-0.318181818181818,6,7,9
729,2011,-160,-606,1,-606,351,-0.579207920792079,7,NaN,NaN
730,1995,-468,-1119,1,-1119,850,-0.759606791778374,2,6,20
731,2016,-88,-706,1,-706,NaN,NaN,NaN,NaN,NaN
732,2007,300,-105,23,-4.565217391304348,-320,3.047619047619047,NaN,NaN,NaN
732,2008,-398,-698,1,-698,552,-0.790830945558739,5,9,NaN
733,1992,362,-8,7,-1.142857142857143,146,-18.25,1,1,1
733,2002,535,-168,1,-168,21,-0.125,1,6,6
733,2019,608,-53,16,-3.3125,NaN,NaN,NaN,NaN,NaN
734,2004,728,-6,20,-0.3,-87,14.5,10,10,10
734,2005,474,-254,1,-254,223,-0.877952755905512,1,5,9
735,2015,-4,-682,1,-682,NaN,NaN,2,NaN,NaN
736,2013,255,-27,29,-0.931034482758621,-213,7.888888888888889,NaN,NaN,NaN
736,2014,-263,-518,1,-518,305,-0.588803088803089,NaN,NaN,NaN
737,1998,493,-230,2,-115,0,-0,8,NaN,NaN
737,2016,530,-116,10,-11.6,NaN,NaN,NaN,NaN,NaN
737,2017,364,-166,1,-166,NaN,NaN,1,2,NaN
738,2002,-273,-860,1,-860,568,-0.66046511627907,3,6,NaN
739,2006,-21,-553,1,-553,374,-0.676311030741411,3,NaN,NaN
739,2019,291,-118,7,-16.857142857142858,NaN,NaN,NaN,NaN,NaN
740,2004,212,-178,9,-19.77777777777778,-292,1.640449438202247,NaN,NaN,NaN
740,2005,-332,-544,1,-544,338,-0.621323529411765,5,9,13
741,2002,472,-234,1,-234,73,-0.311965811965812,8,8,9
741,2015,422,-287,1,-287,NaN,NaN,2,2,2
742,1999,200,-146,2,-73,0,-0,9,NaN,NaN
742,2010,100,-207,2,-103.5,-80,0.386473429951691,NaN,NaN,NaN
742,2016,20,-80,6,-13.333333333333334,NaN,NaN,1,2,2
743,1995,361,-215,2,-107.5,191,-0.888372093023256,2,2,9
744,2012,513,-24,27,-0.888888888888889,-275,11.458333333333334,NaN,NaN,NaN
744,2013,251,-262,1,-262,130,-0.49618320610687,NaN,NaN,NaN
745,1994,209,-411,1,-411,118,-0.287104622871046,15,22,NaN
746,2015,625,-28,31,-0.903225806451613,NaN,NaN,NaN,NaN,NaN
746,2016,-241,-866,1,-866,NaN,NaN,NaN,NaN,NaN
747,2014,229,-290,1,-290,0,-0,NaN,NaN,NaN
748,2014,-126,-447,2,-223.5,11,-0.024608501118568,NaN,NaN,NaN
749,1998,-392,-594,1,-594,230,-0.387205387205387,6,12,13
750,1991,54,-535,1,-535,178,-0.332710280373832,17,NaN,NaN
750,2006,200,-32,12,-2.666666666666667,264,-8.25,1,1,1
751,2007,1,-316,1,-316,177,-0.560126582278481,NaN,NaN,NaN
752,1988,-135,-61,4,-15.25,322,-5.278688524590164,1,1,1
752,2006,-102,-294,1,-294,0,-0,NaN,NaN,NaN
753,2019,520,-101,34,-2.970588235294118,NaN,NaN,NaN,NaN,NaN
754,2015,370,-160,31,-5.161290322580645,NaN,NaN,NaN,NaN,NaN
754,2016,-224,-594,1,-594,NaN,NaN,NaN,NaN,NaN
755,NaN,NaN,NaN,NaN,NaN,NaN,NaN,NaN,NaN,NaN
756,1995,194,-192,1,-192,0,-0,NaN,NaN,NaN
756,2019,185,-9,24,-0.375,NaN,NaN,NaN,NaN,NaN
757,2019,359,-82,8,-10.25,NaN,NaN,NaN,NaN,NaN
758,1991,-106,-305,1,-305,0,-0,NaN,NaN,NaN
759,2019,712,-35,35,-1,NaN,NaN,NaN,NaN,NaN
760,2001,582,-48,17,-2.823529411764706,44,-0.916666666666667,5,5,12
760,2002,433,-149,1,-149,193,-1.295302013422819,1,2,3
761,2014,154,-48,4,-12,-174,3.625,NaN,NaN,NaN
761,2015,-193,-347,1,-347,NaN,NaN,NaN,NaN,NaN
762,1990,376,-275,2,-137.5,104,-0.378181818181818,1,NaN,NaN
762,2004,198,-255,1,-255,361,-1.415686274509804,1,3,4
762,2019,512,-47,10,-4.7,NaN,NaN,NaN,NaN,NaN
763,1995,346,-326,7,-46.57142857142857,224,-0.687116564417178,1,17,NaN
763,1999,397,-208,3,-69.33333333333333,155,-0.745192307692308,1,1,13
763,2019,434,-136,19,-7.157894736842105,NaN,NaN,NaN,NaN,NaN
764,2001,691,-3,17,-0.176470588235294,-192,64,NaN,NaN,NaN
764,2002,428,-263,1,-263,167,-0.634980988593156,5,10,NaN
765,2006,-138,-330,1,-330,32,-0.096969696969697,NaN,NaN,NaN
766,2002,17,-406,1,-406,20,-0.049261083743842,11,12,NaN
766,2004,-131,-148,2,-74,250,-1.689189189189189,1,2,2
766,2019,328,-1,6,-0.166666666666667,NaN,NaN,NaN,NaN,NaN
767,1996,309,-312,1,-312,-99,0.317307692307692,NaN,NaN,NaN
767,2010,70,-239,14,-17.071428571428573,170,-0.711297071129707,1,1,1
767,2019,328,-48,8,-6,NaN,NaN,NaN,NaN,NaN
768,2013,-228,-845,1,-845,533,-0.630769230769231,3,NaN,NaN
768,2019,305,-41,3,-13.666666666666666,NaN,NaN,NaN,NaN,NaN
769,2015,-10,-597,1,-597,NaN,NaN,2,NaN,NaN
769,2019,426,-11,2,-5.5,NaN,NaN,NaN,NaN,NaN
770,2001,633,-26,17,-1.529411764705882,-253,9.73076923076923,NaN,NaN,NaN
770,2002,316,-317,1,-317,64,-0.201892744479495,6,NaN,NaN
771,1993,256,-31,9,-3.444444444444445,-464,14.96774193548387,1,1,1
771,1997,-208,-698,1,-698,-13,0.018624641833811,NaN,NaN,NaN
771,2004,-222,-14,7,-2,397,-28.357142857142858,1,1,1
771,2019,121,-54,11,-4.909090909090909,NaN,NaN,NaN,NaN,NaN
772,2014,299,-253,2,-126.5,143,-0.565217391304348,NaN,NaN,NaN
773,2002,297,-111,1,-111,170,-1.531531531531531,1,1,1
773,2010,428,-46,7,-6.571428571428571,-223,4.847826086956522,NaN,NaN,NaN
773,2011,60,-368,1,-368,152,-0.41304347826087,NaN,NaN,NaN
774,2014,259,-235,5,-47,-462,1.965957446808511,NaN,NaN,NaN
774,2015,-203,-462,1,-462,NaN,NaN,NaN,NaN,NaN
775,2001,-33,-253,8,-31.625,99,-0.391304347826087,9,9,12
775,2019,95,-111,9,-12.333333333333334,NaN,NaN,NaN,NaN,NaN
776,2000,238,-219,1,-219,19,-0.08675799086758,9,9,10
777,2013,-142,-802,1,-802,466,-0.581047381546135,1,NaN,NaN
777,2019,324,-35,5,-7,NaN,NaN,NaN,NaN,NaN
778,2010,624,-40,26,-1.538461538461539,-468,11.7,4,NaN,NaN
778,2011,411,-213,1,-213,-255,1.197183098591549,3,3,3
778,2015,156,-493,1,-493,NaN,NaN,NaN,NaN,NaN
779,1985,-104,-240,1,-240,18,-0.075,24,24,26
779,2016,-14,-255,1,-255,NaN,NaN,NaN,NaN,NaN
780,1998,433,-299,2,-149.5,37,-0.123745819397993,NaN,NaN,NaN
780,2012,-119,-569,1,-569,0,-0,NaN,NaN,NaN
781,2002,-150,-543,3,-181,458,-0.843462246777164,1,1,NaN
781,2019,273,-35,16,-2.1875,NaN,NaN,NaN,NaN,NaN
782,2004,358,-232,1,-232,71,-0.306034482758621,7,7,7
783,2001,76,-287,1,-287,191,-0.665505226480836,1,9,9
784,2002,195,-360,1,-360,90,-0.25,NaN,NaN,NaN
784,2010,160,-176,1,-176,0,-0,NaN,NaN,NaN
785,2001,-202,-547,1,-547,686,-1.254113345521024,5,5,5
786,NaN,NaN,NaN,NaN,NaN,NaN,NaN,NaN,NaN,NaN
787,2019,156,-36,26,-1.384615384615385,NaN,NaN,NaN,NaN,NaN
788,2014,-130,-622,1,-622,0,-0,NaN,NaN,NaN
789,1999,-414,-800,1,-800,944,-1.18,1,1,1
789,2019,479,-51,19,-2.684210526315789,NaN,NaN,NaN,NaN,NaN
790,1998,25,-391,1,-391,219,-0.560102301790281,6,6,6
791,1991,49,-466,1,-466,390,-0.836909871244635,1,1,NaN
792,2006,673,-17,22,-0.772727272727273,-30,1.764705882352941,6,6,6
792,2008,399,-274,2,-137,307,-1.12043795620438,1,1,4
793,1998,370,-139,2,-69.5,26,-0.18705035971223,8,8,20
793,2007,27,-473,1,-473,320,-0.676532769556025,1,2,11
794,2009,469,-7,25,-0.28,-246,35.142857142857146,NaN,NaN,NaN
794,2010,-216,-685,1,-685,359,-0.524087591240876,2,NaN,NaN
794,2019,211,-12,7,-1.714285714285714,NaN,NaN,NaN,NaN,NaN
795,1995,-220,-808,1,-808,613,-0.758663366336634,2,8,NaN
796,1999,-148,-262,2,-131,117,-0.446564885496183,6,6,7
797,1998,654,-1,14,-0.071428571428571,7,-7,5,5,5
797,1999,382,-272,1,-272,279,-1.025735294117647,1,4,4
797,2013,482,-179,10,-17.9,166,-0.927374301675978,1,1,1
797,2019,648,-108,5,-21.6,NaN,NaN,NaN,NaN,NaN
798,1988,-116,-352,1,-352,364,-1.034090909090909,3,3,3
798,2001,-145,-475,10,-47.5,350,-0.736842105263158,1,1,1
798,2019,79,-257,17,-15.117647058823529,NaN,NaN,NaN,NaN,NaN
799,1997,608,-32,13,-2.461538461538462,-178,5.5625,7,7,7
799,2000,306,-302,3,-100.66666666666667,270,-0.894039735099338,1,1,4
799,2002,430,-153,1,-153,181,-1.183006535947712,2,2,2
799,2019,589,-105,15,-7,NaN,NaN,NaN,NaN,NaN
800,2008,-82,-771,1,-771,534,-0.692607003891051,3,6,NaN
801,2003,468,-136,19,-7.157894736842105,-85,0.625,15,NaN,NaN
801,2004,215,-253,1,-253,330,-1.304347826086957,2,5,5
802,1994,654,-25,10,-2.5,-281,11.24,23,23,23
802,1995,328,-326,1,-326,45,-0.138036809815951,1,11,22
802,2002,373,-194,6,-32.333333333333336,246,-1.268041237113402,1,4,4
803,2019,624,-89,35,-2.542857142857143,NaN,NaN,NaN,NaN,NaN
804,1990,456,-174,6,-29,116,-0.666666666666667,1,1,1
804,2002,355,-335,11,-30.454545454545453,143,-0.426865671641791,6,NaN,NaN
804,2009,428,-144,1,-144,51,-0.354166666666667,4,4,NaN
805,2016,442,-228,2,-114,NaN,NaN,NaN,NaN,NaN
806,1985,-111,-473,1,-473,94,-0.198731501057082,10,10,NaN
806,2001,-102,-320,1,-320,262,-0.81875,1,5,10
807,1998,551,-172,4,-43,-128,0.744186046511628,14,16,NaN
807,1999,238,-313,1,-313,292,-0.932907348242812,5,5,12
807,2002,229,-9,3,-3,301,-33.44444444444444,1,1,1
808,1993,71,-328,1,-328,-24,0.073170731707317,NaN,NaN,NaN
808,2019,-11,-213,5,-42.6,NaN,NaN,NaN,NaN,NaN
809,2002,-123,-587,8,-73.375,439,-0.747870528109029,1,1,4
809,2013,129,-272,10,-27.2,338,-1.242647058823529,1,1,1
809,2019,467,-200,5,-40,NaN,NaN,NaN,NaN,NaN
810,2019,465,-3,35,-0.085714285714286,NaN,NaN,NaN,NaN,NaN
811,2005,-154,-794,1,-794,200,-0.251889168765743,NaN,NaN,NaN
811,2019,231,-50,7,-7.142857142857143,NaN,NaN,NaN,NaN,NaN
812,1985,361,-278,1,-278,193,-0.694244604316547,5,16,16
813,1985,227,-270,1,-270,298,-1.103703703703704,3,3,3
813,2019,495,-101,31,-3.258064516129032,NaN,NaN,NaN,NaN,NaN
814,2019,539,-132,35,-3.771428571428571,NaN,NaN,NaN,NaN,NaN
815,2015,-133,-370,2,-185,NaN,NaN,NaN,NaN,NaN
816,2011,-372,-661,1,-661,411,-0.62178517397882,5,NaN,NaN
817,2003,177,-222,1,-222,0,-0,14,NaN,NaN
817,2016,139,-38,13,-2.923076923076923,NaN,NaN,1,1,1
817,2019,277,-72,2,-36,NaN,NaN,NaN,NaN,NaN
818,2010,300,-8,16,-0.5,133,-16.625,1,1,1
818,2019,371,-57,8,-7.125,NaN,NaN,NaN,NaN,NaN
819,NaN,NaN,NaN,NaN,NaN,NaN,NaN,NaN,NaN,NaN
820,2019,137,-115,5,-23,NaN,NaN,NaN,NaN,NaN
821,2019,489,-23,35,-0.657142857142857,NaN,NaN,NaN,NaN,NaN
822,2019,-52,-24,35,-0.685714285714286,NaN,NaN,NaN,NaN,NaN
823,2019,517,-109,35,-3.114285714285714,NaN,NaN,NaN,NaN,NaN
824,NaN,NaN,NaN,NaN,NaN,NaN,NaN,NaN,NaN,NaN
825,1985,-8,-157,1,-157,457,-2.910828025477707,1,1,1
825,2001,40,-570,6,-95,482,-0.845614035087719,1,1,9
826,2016,91,-305,2,-152.5,NaN,NaN,NaN,NaN,NaN
827,2004,731,-17,20,-0.85,-83,4.882352941176471,NaN,NaN,NaN
827,2006,558,-173,2,-86.5,96,-0.554913294797688,8,8,NaN
827,2016,410,-292,1,-292,NaN,NaN,NaN,NaN,NaN
828,1993,-484,-1039,1,-1039,1012,-0.974013474494706,2,2,4
829,2006,-410,-796,1,-796,312,-0.391959798994975,11,NaN,NaN
830,1994,479,-102,10,-10.2,37,-0.362745098039216,10,20,20
830,1995,92,-387,1,-387,440,-1.136950904392765,4,4,4
830,2002,-51,-583,2,-291.5,532,-0.912521440823328,2,2,2
831,1997,-130,-377,5,-75.4,217,-0.575596816976127,6,NaN,NaN
831,2019,-92,-179,18,-9.944444444444445,NaN,NaN,NaN,NaN,NaN
832,1992,439,-250,6,-41.666666666666664,-5,0.02,2,2,2
832,1999,374,-322,5,-64.4,241,-0.748447204968944,2,10,15
833,1987,-38,-456,1,-456,395,-0.866228070175439,1,1,1
833,2004,-93,-639,3,-213,117,-0.183098591549296,10,NaN,NaN
834,1999,657,-9,15,-0.6,-137,15.222222222222221,14,14,14
834,2003,364,-293,4,-73.25,180,-0.614334470989761,2,6,9
835,2016,-276,-908,1,-908,NaN,NaN,3,NaN,NaN
836,2001,723,-1,17,-0.058823529411765,-289,289,NaN,NaN,NaN
836,2002,411,-312,1,-312,145,-0.46474358974359,11,14,NaN
836,2008,245,-311,1,-311,371,-1.192926045016077,1,4,4
837,1991,-61,-117,6,-19.5,50,-0.427350427350427,1,1,1
837,1993,-11,-251,1,-251,221,-0.880478087649402,5,5,NaN
837,2019,-28,-238,21,-11.333333333333334,NaN,NaN,NaN,NaN,NaN
838,2005,546,-191,3,-63.666666666666664,38,-0.198952879581152,6,NaN,NaN
838,2013,468,-216,1,-216,200,-0.925925925925926,1,5,NaN
839,1993,-478,-864,1,-864,378,-0.4375,18,24,NaN
839,2005,-122,-71,11,-6.454545454545454,112,-1.577464788732394,1,1,1
840,2002,66,-739,1,-739,396,-0.535859269282815,6,11,NaN
841,2015,-301,-620,1,-620,NaN,NaN,1,NaN,NaN
842,1988,196,-188,1,-188,235,-1.25,3,5,5
842,1994,262,-169,1,-169,-36,0.21301775147929,1,NaN,NaN
843,1998,-266,-876,1,-876,684,-0.780821917808219,4,15,19
844,1996,393,-253,12,-21.083333333333332,210,-0.8300395256917,1,1,9
844,2003,441,-168,6,-28,227,-1.351190476190476,2,2,2
844,2019,600,-68,14,-4.857142857142857,NaN,NaN,NaN,NaN,NaN
845,2016,105,-515,1,-515,NaN,NaN,NaN,NaN,NaN
846,1998,444,-4,14,-0.285714285714286,-152,38,14,14,14
846,1999,275,-169,1,-169,17,-0.100591715976331,10,11,13
846,2019,400,-137,7,-19.571428571428573,NaN,NaN,NaN,NaN,NaN
847,2012,584,-42,28,-1.5,-615,14.642857142857142,NaN,NaN,NaN
847,2014,-31,-615,2,-307.5,0,-0,NaN,NaN,NaN
848,2006,68,-361,1,-361,214,-0.592797783933518,8,10,11
849,2001,367,-345,1,-345,0,-0,13,14,NaN
850,2016,-391,-1094,1,-1094,NaN,NaN,NaN,NaN,NaN
851,2006,485,-18,22,-0.818181818181818,-98,5.444444444444445,NaN,NaN,NaN
851,2007,111,-374,1,-374,190,-0.508021390374332,1,NaN,NaN
851,2019,336,-51,11,-4.636363636363637,NaN,NaN,NaN,NaN,NaN
852,2002,-120,-714,1,-714,444,-0.621848739495798,5,8,NaN
853,2019,379,-103,35,-2.942857142857143,NaN,NaN,NaN,NaN,NaN
854,2017,-36,-283,1,-283,NaN,NaN,NaN,NaN,NaN
855,2002,-418,-926,1,-926,596,-0.643628509719222,2,NaN,NaN
856,2019,362,-52,35,-1.485714285714286,NaN,NaN,NaN,NaN,NaN
857,NaN,NaN,NaN,NaN,NaN,NaN,NaN,NaN,NaN,NaN
858,1997,742,-17,13,-1.307692307692308,-427,25.11764705882353,NaN,NaN,NaN
858,1999,295,-447,2,-223.5,76,-0.170022371364653,12,15,NaN
859,1999,534,-78,15,-5.2,-282,3.615384615384615,NaN,NaN,NaN
859,2000,-515,-1049,1,-1049,803,-0.765490943755958,3,7,17
859,2009,263,-149,2,-74.5,221,-1.483221476510067,2,3,3
860,1989,165,-476,5,-95.2,570.5,-1.198529411764706,1,1,1
860,1997,-57,-977,7,-139.57142857142858,295,-0.301944728761515,2,2,NaN
860,2000,-125,-912,1,-912,775,-0.849780701754386,1,4,NaN
861,2011,49,-236,1,-236,-105,0.444915254237288,NaN,NaN,NaN
861,2019,-8,-57,8,-7.125,NaN,NaN,NaN,NaN,NaN
862,1995,10,-239,3,-79.66666666666667,11,-0.04602510460251,2,2,15
862,2015,18,-263,1,-263,NaN,NaN,1,2,2
863,2015,59,-386,1,-386,NaN,NaN,NaN,NaN,NaN
864,1993,444,-171,3,-57,121,-0.707602339181287,1,1,14
864,2000,418,-196,6,-32.666666666666664,51,-0.260204081632653,1,6,7
865,1989,-80,-209,3,-69.66666666666667,170,-0.813397129186603,2,2,3
865,1995,-53,-268,2,-134,26,-0.097014925373134,NaN,NaN,NaN
866,1991,141,-431,1,-431,592,-1.373549883990719,3,3,3
866,2004,207,-526,8,-65.75,332,-0.631178707224335,2,2,NaN
866,2019,521,-1,14,-0.071428571428571,NaN,NaN,NaN,NaN,NaN
867,1992,566,-7,8,-0.875,-206,29.428571428571427,18,18,18
867,1993,-256,-822,1,-822,616,-0.749391727493917,2,12,17
867,2019,586,-35,9,-3.888888888888889,NaN,NaN,NaN,NaN,NaN
868,1991,543,-73,7,-10.428571428571429,-96,1.315068493150685,22,22,22
868,1992,221,-322,1,-322,276,-0.857142857142857,1,5,16
869,2017,346,-363,1,-363,NaN,NaN,NaN,NaN,NaN
870,2009,-376,-690,1,-690,372,-0.539130434782609,6,NaN,NaN
871,1991,245,-346,7,-49.42857142857143,371,-1.072254335260116,2,2,2
871,1999,616,-21,6,-3.5,-49,2.333333333333333,9,9,12
871,2001,95,-521,2,-260.5,293,-0.562380038387716,1,1,7
871,2019,469,-98,17,-5.764705882352941,NaN,NaN,NaN,NaN,NaN
872,1988,678,-7,4,-1.75,-117,16.714285714285715,9,9,9
872,1989,399,-279,1,-279,231,-0.827956989247312,5,5,8
872,2002,380,-334,2,-167,209,-0.625748502994012,5,13,NaN
872,2019,523,-118,11,-10.727272727272727,NaN,NaN,NaN,NaN,NaN
873,2019,566,-168,35,-4.8,NaN,NaN,NaN,NaN,NaN
874,1985,-45,-379,1,-379,-67,0.176781002638522,20,28,NaN
875,1989,358,-118,5,-23.6,-164,1.389830508474576,17,18,18
875,1990,-74,-432,1,-432,289,-0.668981481481482,1,8,9
875,2015,-571,-1008,1,-1008,NaN,NaN,1,NaN,NaN
875,2019,108,-7,3,-2.333333333333333,NaN,NaN,NaN,NaN,NaN
876,1997,380,-135,4,-33.75,61,-0.451851851851852,7,7,16
876,2015,354,-213,1,-213,NaN,NaN,NaN,NaN,NaN
877,2009,337,-206,4,-51.5,242,-1.174757281553398,1,1,1
877,2019,552,-37,9,-4.111111111111111,NaN,NaN,NaN,NaN,NaN
878,2017,606,-36,33,-1.090909090909091,NaN,NaN,1,1,1
879,1998,596,-209,2,-104.5,51,-0.244019138755981,NaN,NaN,NaN
879,2011,337,-341,1,-341,320,-0.93841642228739,1,5,NaN
880,2019,216,-54,33,-1.636363636363636,NaN,NaN,NaN,NaN,NaN
881,2006,524,-224,3,-74.66666666666667,143,-0.638392857142857,1,10,NaN
882,2003,110,-623,1,-623,395,-0.634028892455859,1,10,NaN
883,2008,-158,-310,1,-310,121,-0.390322580645161,7,NaN,NaN
884,2019,480,-103,35,-2.942857142857143,NaN,NaN,NaN,NaN,NaN
885,2006,553,-203,2,-101.5,0,-0,NaN,NaN,NaN
885,2016,-242,-832,1,-832,NaN,NaN,NaN,NaN,NaN
886,2005,452,-1,21,-0.047619047619048,-630,630,NaN,NaN,NaN
886,2006,-178,-630,1,-630,0,-0,NaN,NaN,NaN
887,1997,-356,-689,1,-689,0,-0,NaN,NaN,NaN
888,1997,288,-153,1,-153,0,-0,8,8,8
889,2019,585,-14,35,-0.4,NaN,NaN,NaN,NaN,NaN
890,NaN,NaN,NaN,NaN,NaN,NaN,NaN,NaN,NaN,NaN
891,1988,128,-275,1,-275,341,-1.24,2,2,4
891,2013,234,-256,18,-14.222222222222221,4,-0.015625,1,1,1
891,2019,238,-287,5,-57.4,NaN,NaN,NaN,NaN,NaN
892,2015,-328,-959,1,-959,NaN,NaN,NaN,NaN,NaN
893,1985,59,-77,1,-77,337,-4.376623376623376,1,1,1
893,2006,116,-397,1,-397,90,-0.226700251889169,7,12,NaN
894,1999,-22,-612,1,-612,532,-0.869281045751634,3,5,9
894,2011,268,-369,3,-123,139,-0.376693766937669,2,2,2
894,2019,505,-118,5,-23.6,NaN,NaN,NaN,NaN,NaN
895,2011,-429,-1048,1,-1048,650,-0.620229007633588,4,NaN,NaN
895,2019,192,-1,5,-0.2,NaN,NaN,NaN,NaN,NaN
896,1995,407,-257,4,-64.25,239,-0.929961089494163,1,1,1
896,2002,460,-227,6,-37.833333333333336,186,-0.819383259911894,1,1,10
896,2019,646,-7,16,-0.4375,NaN,NaN,NaN,NaN,NaN
897,2006,54,-597,1,-597,275,-0.460636515912898,7,12,NaN
898,2006,-249,-370,1,-370,120,-0.324324324324324,6,NaN,NaN
898,2010,-199,-123,2,-61.5,220,-1.788617886178862,2,2,2
898,2019,-13,-23,7,-3.285714285714286,NaN,NaN,NaN,NaN,NaN
899,1985,471,-139,1,-139,-45,0.323741007194245,23,24,24
899,1995,-24,-578,1,-578,446,-0.771626297577855,2,11,12
900,2014,416,-179,2,-89.5,41,-0.229050279329609,NaN,NaN,NaN
900,2015,-536,-952,1,-952,NaN,NaN,2,2,2
901,1999,-7,-475,1,-475,224,-0.471578947368421,6,6,7
901,2002,-10,-3,3,-1,678,-226,1,1,1
902,2001,-84,-208,14,-14.857142857142858,278,-1.336538461538461,1,1,2
902,2019,28,-206,16,-12.875,NaN,NaN,NaN,NaN,NaN
903,2019,610,-106,35,-3.028571428571428,NaN,NaN,NaN,NaN,NaN
904,2009,569,-55,25,-2.2,-420,7.636363636363637,NaN,NaN,NaN
904,2010,184,-385,1,-385,257,-0.667532467532468,5,NaN,NaN
904,2014,149,-241,1,-241,311,-1.29045643153527,1,1,1
905,NaN,NaN,NaN,NaN,NaN,NaN,NaN,NaN,NaN,NaN
906,2000,614,-56,16,-3.5,-46,0.821428571428571,NaN,NaN,NaN
906,2001,383,-231,1,-231,97,-0.41991341991342,4,4,15
906,2015,401,-176,7,-25.142857142857142,NaN,NaN,1,1,1
906,2019,568,-76,3,-25.333333333333332,NaN,NaN,NaN,NaN,NaN
907,1985,-6,-244,1,-244,338,-1.385245901639344,1,1,1
907,2000,165,-326,1,-326,358,-1.098159509202454,1,3,4
907,2019,541,-147,12,-12.25,NaN,NaN,NaN,NaN,NaN
908,2007,275,-241,1,-241,86,-0.356846473029046,7,NaN,NaN
909,2015,526,-148,1,-148,NaN,NaN,1,NaN,NaN
909,2019,489,-133,2,-66.5,NaN,NaN,NaN,NaN,NaN
910,2017,87,-569,1,-569,NaN,NaN,1,NaN,NaN
911,2002,241,-332,1,-332,434,-1.307228915662651,1,2,2
911,2019,695,-8,15,-0.533333333333333,NaN,NaN,NaN,NaN,NaN
912,2007,-70,-289,1,-289,0,-0,NaN,NaN,NaN
913,2018,-14,-700,1,-700,NaN,NaN,NaN,NaN,NaN
914,2019,507,-169,35,-4.828571428571428,NaN,NaN,NaN,NaN,NaN
915,2008,595,-21,24,-0.875,-195,9.285714285714286,NaN,NaN,NaN
915,2009,400,-195,1,-195,0,-0,NaN,NaN,NaN
916,2001,345,-64,17,-3.764705882352941,191,-2.984375,1,1,1
917,NaN,NaN,NaN,NaN,NaN,NaN,NaN,NaN,NaN,NaN
918,1999,450,-256,1,-256,159,-0.62109375,4,NaN,NaN
918,2002,399,-51,3,-17,210,-4.117647058823529,1,1,1
918,2019,406,-203,16,-12.6875,NaN,NaN,NaN,NaN,NaN
919,2018,158,-612,1,-612,NaN,NaN,NaN,NaN,NaN
920,NaN,NaN,NaN,NaN,NaN,NaN,NaN,NaN,NaN,NaN
921,2019,412,-10,35,-0.285714285714286,NaN,NaN,NaN,NaN,NaN
922,1992,223,-104,8,-13,365,-3.509615384615385,1,1,1
922,2019,563,-25,26,-0.961538461538462,NaN,NaN,NaN,NaN,NaN
923,NaN,NaN,NaN,NaN,NaN,NaN,NaN,NaN,NaN,NaN
924,1991,-198,-753,1,-753,533,-0.707835325365206,3,10,NaN
924,2015,-334,-873,1,-873,NaN,NaN,2,2,NaN
925,1995,380,-218,1,-218,91,-0.41743119266055,1,1,1
925,2015,259,-484,1,-484,NaN,NaN,NaN,NaN,NaN
925,2019,410,-132,3,-44,NaN,NaN,NaN,NaN,NaN
926,1985,-67,-286,1,-286,176,-0.615384615384615,4,7,9
926,2001,-15,-375,3,-125,124,-0.330666666666667,1,1,1
926,2005,132,-368,1,-368,-8.5,0.023097826086957,9,9,NaN
927,1998,439,-45,14,-3.214285714285714,-45,1,13,16,16
927,1999,-52,-491,1,-491,436,-0.887983706720978,1,2,10
928,2001,-75,-171,2,-85.5,130,-0.760233918128655,1,1,10
929,2005,288,-134,1,-134,-25,0.186567164179104,NaN,NaN,NaN
929,2012,11,-314,3,-104.66666666666667,91,-0.289808917197452,NaN,NaN,NaN
930,2006,-360,-608,1,-608,269,-0.442434210526316,8,8,NaN
930,2019,95,-47,5,-9.4,NaN,NaN,NaN,NaN,NaN
931,2005,428,-118,1,-118,130,-1.101694915254237,1,1,1
931,2014,623,-48,8,-6,-452,9.416666666666666,NaN,NaN,NaN
931,2015,150,-473,1,-473,NaN,NaN,NaN,NaN,NaN
932,1995,354,-242,1,-242,277,-1.144628099173554,1,1,1
932,1997,567,-260,1,-260,-212,0.815384615384615,15,NaN,NaN
933,1993,494,-219,1,-219,11,-0.050228310502283,1,2,2
933,2002,473,-248,6,-41.333333333333336,252,-1.016129032258065,1,1,1
933,2019,688,-37,16,-2.3125,NaN,NaN,NaN,NaN,NaN
934,2015,549,-20,31,-0.645161290322581,NaN,NaN,1,1,1
934,2017,395,-318,1,-318,NaN,NaN,NaN,NaN,NaN
934,2019,339,-56,2,-28,NaN,NaN,NaN,NaN,NaN
935,1992,481,-198,1,-198,148,-0.747474747474748,4,7,7
935,2019,650,-40,20,-2,NaN,NaN,NaN,NaN,NaN
936,1998,582,-19,14,-1.357142857142857,-31,1.631578947368421,3,3,NaN
936,1999,422,-160,1,-160,48,-0.3,1,2,2
936,2010,394,-204,9,-22.666666666666668,109,-0.534313725490196,1,2,NaN
936,2019,511,-11,8,-1.375,NaN,NaN,NaN,NaN,NaN
937,1998,562,-176,14,-12.571428571428571,131,-0.744318181818182,5,7,NaN
937,1999,362,-200,1,-200,331,-1.655,1,1,1
937,2002,518,-124,2,-62,195,-1.57258064516129,1,1,1
937,2019,636,-57,16,-3.5625,NaN,NaN,NaN,NaN,NaN
938,2000,187,-358,1,-358,-40,0.111731843575419,8,NaN,NaN
938,2005,147,-40,5,-8,138,-3.45,1,1,1
938,2012,255,-162,4,-40.5,186,-1.148148148148148,1,1,2
939,2000,-73,-188,1,-188,119,-0.632978723404255,1,1,1
939,2004,46,-240,1,-240,-94,0.391666666666667,NaN,NaN,NaN
939,2019,-91,-137,15,-9.133333333333333,NaN,NaN,NaN,NaN,NaN
940,1988,31,-520,1,-520,379.5,-0.729807692307692,1,7,7
940,2006,246,-177,17,-10.411764705882353,346,-1.954802259887006,1,1,1
940,2019,509,-83,11,-7.545454545454546,NaN,NaN,NaN,NaN,NaN
941,2011,421,-169,1,-169,167,-0.988165680473373,1,1,1
941,2019,485,-154,7,-22,NaN,NaN,NaN,NaN,NaN
942,1995,432,-202,2,-101,89,-0.440594059405941,19,19,NaN
943,1992,580,-36,8,-4.5,-45,1.25,19,19,19
943,1993,13,-567,1,-567,522,-0.920634920634921,1,2,17
944,1997,129,-149,13,-11.461538461538462,181,-1.214765100671141,1,1,1
944,2015,279,-31,17,-1.823529411764706,NaN,NaN,1,1,1
944,2017,514,-281,1,-281,NaN,NaN,NaN,NaN,NaN
945,1985,409,-165,1,-165,136,-0.824242424242424,1,1,7
945,2019,436,-212,9,-23.555555555555557,NaN,NaN,NaN,NaN,NaN
946,2006,519,-76,22,-3.454545454545455,-89,1.171052631578947,9,NaN,NaN
946,2007,-334,-853,1,-853,764,-0.895662368112544,3,4,8
947,2006,293,-163,1,-163,80,-0.49079754601227,6,8,8
948,NaN,NaN,NaN,NaN,NaN,NaN,NaN,NaN,NaN,NaN
949,1994,110,-568,1,-568,378,-0.665492957746479,5,10,NaN
950,2004,205,-93,20,-4.65,-329,3.537634408602151,NaN,NaN,NaN
950,2005,-124,-329,1,-329,0,-0,NaN,NaN,NaN
951,2007,68,-200,1,-200,0,-0,NaN,NaN,NaN
952,2013,184,-101,6,-16.833333333333332,158,-1.564356435643564,1,1,1
953,NaN,NaN,NaN,NaN,NaN,NaN,NaN,NaN,NaN,NaN
954,2002,-63,-85,18,-4.722222222222222,480,-5.647058823529412,1,1,1
955,2004,404,-145,1,-145,7,-0.048275862068966,NaN,NaN,NaN
956,2000,-237,-355,1,-355,0,-0,NaN,NaN,NaN
957,1985,562,-126,1,-126,29,-0.23015873015873,1,2,15
957,2002,281,-440,1,-440,349,-0.793181818181818,1,6,6
958,1997,530,-176,1,-176,88,-0.5,1,8,13
959,2005,523,-87,21,-4.142857142857143,-61,0.701149425287356,11,NaN,NaN
959,2006,291,-232,1,-232,188,-0.810344827586207,2,2,6
960,2011,470,-162,2,-81,-450,2.777777777777778,NaN,NaN,NaN
960,2016,20,-528,1,-528,NaN,NaN,NaN,NaN,NaN
961,1985,576,-29,1,-29,-120,4.137931034482759,23,27,27
961,1986,229,-347,1,-347,237,-0.68299711815562,2,14,18
961,1995,232,-257,1,-257,301,-1.171206225680934,1,1,5
962,2001,-54,-403,8,-50.375,96,-0.238213399503722,8,9,NaN
962,2014,-11,-356,2,-178,112,-0.314606741573034,NaN,NaN,NaN
963,2005,469,-20,21,-0.952380952380952,-195,9.75,NaN,NaN,NaN
963,2006,-296,-765,1,-765,446,-0.583006535947712,4,NaN,NaN
964,1989,453,-234,1,-234,172,-0.735042735042735,1,1,NaN
964,1999,345,-297,9,-33,317,-1.067340067340067,1,1,5
964,2019,551,-43,19,-2.263157894736842,NaN,NaN,NaN,NaN,NaN
965,1999,506,-174,11,-15.818181818181818,3,-0.017241379310345,7,8,NaN
965,2009,476,-195,1,-195,193,-0.98974358974359,1,2,NaN
966,2004,-375,-1135,1,-1135,810,-0.713656387665198,3,14,NaN
967,2019,606,-31,35,-0.885714285714286,NaN,NaN,NaN,NaN,NaN
968,1993,358,-251,9,-27.88888888888889,170,-0.677290836653386,3,7,7
968,2001,378,-262,1,-262,109,-0.416030534351145,6,9,NaN
968,2009,294,-84,8,-10.5,304,-3.619047619047619,1,1,1
968,2019,563,-70,9,-7.777777777777778,NaN,NaN,NaN,NaN,NaN
969,1996,701,-13,12,-1.083333333333333,-82,6.307692307692307,16,16,16
969,1997,23,-678,1,-678,233,-0.343657817109145,3,4,15
969,2002,256,-363,1,-363,430,-1.184573002754821,1,5,5
970,2001,559,-103,17,-6.058823529411764,-162,1.572815533980582,NaN,NaN,NaN
970,2002,8,-551,1,-551,389,-0.705989110707804,4,9,14
971,2002,492,-159,5,-31.8,27,-0.169811320754717,1,1,11
971,2004,519,-126,1,-126,0,-0,7,7,9
972,2015,-29,-694,1,-694,NaN,NaN,2,NaN,NaN
973,1988,101,-54,4,-13.5,127,-2.351851851851852,1,1,1
973,2009,35,-210,20,-10.5,241,-1.147619047619048,1,1,1
973,2019,97,-155,9,-17.22222222222222,NaN,NaN,NaN,NaN,NaN
974,1985,125,-192,1,-192,247,-1.286458333333333,4,4,4
974,2006,318,-54,17,-3.176470588235294,195,-3.611111111111111,1,1,1
974,2019,466,-47,11,-4.272727272727272,NaN,NaN,NaN,NaN,NaN
975,2019,299,-93,35,-2.657142857142857,NaN,NaN,NaN,NaN,NaN
976,2003,-149,-778,1,-778,443,-0.569408740359897,9,NaN,NaN
977,NaN,NaN,NaN,NaN,NaN,NaN,NaN,NaN,NaN,NaN
978,1994,630,-103,10,-10.3,-242,2.349514563106796,10,14,15
978,1995,-2,-632,1,-632,390,-0.617088607594937,1,8,9
979,1997,674,-46,13,-3.538461538461538,-133,2.891304347826087,NaN,NaN,NaN
979,1999,442,-232,2,-116,199,-0.857758620689655,1,5,NaN
980,2019,514,-22,35,-0.628571428571429,NaN,NaN,NaN,NaN,NaN
981,1998,457,-215,1,-215,40,-0.186046511627907,7,7,NaN
982,2019,305,-78,12,-6.5,NaN,NaN,NaN,NaN,NaN
983,2013,508,-203,2,-101.5,0,-0,NaN,NaN,NaN
984,2004,177,-128,20,-6.4,-282,2.203125,NaN,NaN,NaN
984,2005,-105,-282,1,-282,0,-0,NaN,NaN,NaN
985,2008,338,-73,9,-8.11111111111111,263,-3.602739726027397,1,1,1
985,2019,556,-45,9,-5,NaN,NaN,NaN,NaN,NaN
986,2010,-234,-965,1,-965,0,-0,NaN,NaN,NaN
987,2019,326,-82,23,-3.565217391304348,NaN,NaN,NaN,NaN,NaN
988,NaN,NaN,NaN,NaN,NaN,NaN,NaN,NaN,NaN,NaN
989,NaN,NaN,NaN,NaN,NaN,NaN,NaN,NaN,NaN,NaN
990,1989,294,-146,1,-146,125,-0.856164383561644,3,5,6
990,2007,233,-263,12,-21.916666666666668,138,-0.524714828897338,1,1,NaN
990,2019,286,-205,11,-18.636363636363637,NaN,NaN,NaN,NaN,NaN
991,1993,648,-122,9,-13.555555555555555,103,-0.844262295081967,2,2,2
991,2017,693,-141,21,-6.714285714285714,NaN,NaN,NaN,NaN,NaN
991,2018,-6,-699,1,-699,NaN,NaN,NaN,NaN,NaN
992,1990,-78,-36,6,-6,219,-6.083333333333333,1,1,1
992,2001,-41,-241,8,-30.125,144,-0.597510373443983,1,1,9
993,2014,-165,-453,1,-453,195,-0.43046357615894,NaN,NaN,NaN
994,2001,693,-9,17,-0.529411764705882,-88,9.777777777777779,8,8,8
994,2002,-49,-742,1,-742,653,-0.880053908355795,1,1,7
995,2000,-38,-365,1,-365,340,-0.931506849315068,4,4,8
995,2013,-184,-568,1,-568,816,-1.436619718309859,1,1,1
995,2019,632,-75,5,-15,NaN,NaN,NaN,NaN,NaN
996,1996,-54,-688,1,-688,382,-0.555232558139535,6,17,NaN
996,2019,394,-135,4,-33.75,NaN,NaN,NaN,NaN,NaN
997,1999,733,-3,15,-0.2,-66,22,NaN,NaN,NaN
997,2000,476,-257,1,-257,187,-0.727626459143969,4,8,14
997,2019,598,-136,3,-45.333333333333336,NaN,NaN,NaN,NaN,NaN
998,1998,-168,-646,1,-646,375,-0.580495356037152,9,13,NaN
998,2015,-158,-565,1,-565,NaN,NaN,3,NaN,NaN
999,2001,-114,-185,1,-185,222,-1.2,1,1,1
999,2009,-20,-212,7,-30.285714285714285,423,-1.995283018867924,1,1,1
999,2019,153,-189,9,-21,NaN,NaN,NaN,NaN,NaN
