# Running class it.unibo.c2c.CommandLineMain with args: [--negativeMagnitudeOnly, ./src/test/resources/it/unibo/c2c/input.csv]
# Running on file ./src/test/resources/it/unibo/c2c/input.csv with args: maxError=75.0, maxSegments=6, startYear=1984, endYear=2019, infill=true, spikesTolerance=0.85, revertBand=false, negativeMagnitudeOnly=true
id, year, value, magnitude, duration, rate, postMagnitude, postDuration, postRate
0,1995,383,-137,1,-137,212,1,212
0,2014,499,-96,18,-5.333333333333333,-450,1,-450
0,2015,49,-450,1,-450,226,4,56.5
1,2015,581,-40,31,-1.290322580645161,-702,1,-702
1,2016,-121,-702,1,-702,339,2,169.5
1,2019,144,-74,1,-74,NaN,NaN,NaN
2,1993,143,-159,1,-159,226,4,56.5
2,1998,-219,-588,1,-588,426,2,213
3,2006,409,-244,1,-244,140,13,10.76923076923077
4,1999,17,-208,2,-104,147,10,14.7
4,2010,-105,-269,1,-269,22,9,2.444444444444445
5,2019,587,-100,35,-2.857142857142857,NaN,NaN,NaN
6,1996,142,-266,1,-266,143,18,7.944444444444445
6,2015,52,-233,1,-233,100,4,25
7,2004,516,-155,20,-7.75,-657,1,-657
7,2005,-141,-657,1,-657,461,2,230.5
7,2014,-109,-534,1,-534,38,5,7.6
8,2019,491,-149,2,-74.5,NaN,NaN,NaN
9,1991,213,-469,1,-469,246,1,246
9,2002,225,-234,10,-23.4,228,17,13.411764705882353
10,2015,580,-109,31,-3.516129032258065,-908,1,-908
10,2016,-328,-908,1,-908,477,1,477
11,2006,519,-32,22,-1.454545454545455,-678,1,-678
11,2007,-159,-678,1,-678,477,2,238.5
12,2014,506,-33,30,-1.1,-701,1,-701
12,2015,-195,-701,1,-701,108,1,108
13,1999,328,-313,2,-156.5,187,1,187
13,2004,456,-59,4,-14.75,167,1,167
14,1997,-142,-402,1,-402,-76,7,-10.857142857142858
14,2004,-218,-76,7,-10.857142857142858,268,6,44.666666666666664
14,2019,23,-27,9,-3,NaN,NaN,NaN
15,2005,-393,-653,1,-653,334,1,334
15,2011,-110,-51,5,-10.2,238,2,119
15,2019,114,-14,6,-2.333333333333333,NaN,NaN,NaN
16,1999,281,-340,1,-340,300,8,37.5
17,1998,280,-207,1,-207,131,21,6.238095238095238
18,2003,-180,-482,1,-482,77,13,5.923076923076923
19,1998,495,-104,14,-7.428571428571429,-601,1,-601
19,1999,-106,-601,1,-601,454,1,454
20,1998,59,-657,1,-657,422,1,422
21,1993,-206,-631,1,-631,175,11,15.909090909090908
22,2019,420,-151,35,-4.314285714285714,NaN,NaN,NaN
23,2014,-43,-285,1,-285,0,5,0
24,2019,662,-34,26,-1.307692307692308,NaN,NaN,NaN
25,2006,721,-39,22,-1.772727272727273,-362,1,-362
25,2007,359,-362,1,-362,293,1,293
25,2010,582,-70,2,-35,204,2,102
26,1994,497,-57,10,-5.7,-661,1,-661
26,1995,-164,-661,1,-661,480,6,80
27,2017,-20,-245,1,-245,0,2,0
28,1993,471,-47,9,-5.222222222222222,-631,1,-631
28,1994,-160,-631,1,-631,441,1,441
31,2003,460,-224,1,-224,106,16,6.625
32,2019,365,-71,35,-2.028571428571428,NaN,NaN,NaN
33,1986,518,-110,2,-55,147,2,73.5
33,1998,523,-142,10,-14.2,-695,1,-695
33,1999,-172,-695,1,-695,438,6,73
34,1999,270,-330,2,-165,301,4,75.25
34,2005,397,-174,2,-87,277,4,69.25
34,2019,563,-111,10,-11.1,NaN,NaN,NaN
35,1985,-371,-686,1,-686,455,3,151.66666666666666
35,2018,66,-255,1,-255,0,1,0
36,2003,565,-13,19,-0.684210526315789,-626,1,-626
36,2004,-61,-626,1,-626,546,10,54.6
36,2015,85,-400,1,-400,238,1,238
37,1998,224,-439,1,-439,259,2,129.5
38,2001,-275,-898,1,-898,538,2,269
39,1999,-506,-1043,1,-1043,252,1,252
40,1999,441,-151,7,-21.571428571428573,-285,1,-285
40,2000,156,-285,1,-285,413,1,413
40,2019,361,-208,18,-11.555555555555555,NaN,NaN,NaN
41,1994,14,-139,6,-23.166666666666668,411,21,19.571428571428573
41,2016,-361,-786,1,-786,523,2,261.5
42,1989,-90,-9,5,-1.8,276,2,138
42,2009,-65,-251,18,-13.944444444444445,254,1,254
42,2019,80,-109,9,-12.11111111111111,NaN,NaN,NaN
43,1985,92,-106,1,-106,325,7,46.42857142857143
43,1993,-401,-818,1,-818,376,1,376
44,2002,-21,-336,3,-112,258,1,258
44,2009,-1,-238,6,-39.666666666666664,377,1,377
44,2019,238,-138,9,-15.333333333333334,NaN,NaN,NaN
45,2015,561,-26,31,-0.838709677419355,-618,1,-618
45,2016,-57,-618,1,-618,255,1,255
45,2019,161,-37,2,-18.5,NaN,NaN,NaN
46,2000,656,-12,16,-0.75,-186,2,-93
46,2002,470,-186,2,-93,112,17,6.588235294117647
47,1992,604,-33,8,-4.125,-408,1,-408
47,1993,196,-408,1,-408,199,2,99.5
48,2019,660,-6,35,-0.171428571428571,NaN,NaN,NaN
49,1994,321,-204,2,-102,-11,12,-0.916666666666667
49,2006,310,-11,12,-0.916666666666667,-622,1,-622
49,2007,-312,-622,1,-622,557,12,46.416666666666664
50,2003,447,-88,8,-11,-236,1,-236
50,2004,211,-236,1,-236,360,1,360
50,2017,513,-58,12,-4.833333333333333,135,2,67.5
51,1992,469,-98,8,-12.25,-171,1,-171
51,1993,298,-171,1,-171,308,1,308
52,2007,-71,-363,2,-181.5,-6,12,-0.5
52,2019,-77,-6,12,-0.5,NaN,NaN,NaN
53,1988,521,-167,1,-167,83,26,3.192307692307693
53,2015,433,-171,1,-171,205,4,51.25
54,2019,611,-101,35,-2.885714285714286,NaN,NaN,NaN
55,2007,-211,-281,1,-281,254,12,21.166666666666668
56,1997,-25,-590,1,-590,34,9,3.777777777777778
56,2019,277,-73,11,-6.636363636363637,NaN,NaN,NaN
57,2009,486,-181,12,-15.083333333333334,165,2,82.5
57,2019,610,-41,8,-5.125,NaN,NaN,NaN
58,2019,80,-44,24,-1.833333333333333,NaN,NaN,NaN
59,2005,476,-74,21,-3.523809523809524,-596,1,-596
59,2006,-120,-596,1,-596,104,2,52
60,2019,-78,-157,28,-5.607142857142857,NaN,NaN,NaN
61,2014,460,-277,1,-277,0,5,0
62,2008,-156,-231,1,-231,170,11,15.454545454545455
63,1999,-184,-308,1,-308,32,20,1.6
64,2015,705,-71,31,-2.290322580645161,-779,1,-779
64,2016,-74,-779,1,-779,0,3,0
65,2019,413,-90,35,-2.571428571428572,NaN,NaN,NaN
66,2016,-59,-772,1,-772,400,2,200
66,2019,234,-107,1,-107,NaN,NaN,NaN
67,2016,-59,-652,1,-652,438,2,219
67,2019,366,-13,1,-13,NaN,NaN,NaN
68,2002,-60,-504,1,-504,444,2,222
68,2009,114,-270,5,-54,415,1,415
68,2019,264,-265,9,-29.444444444444443,NaN,NaN,NaN
69,1998,204,-11,14,-0.785714285714286,-366,1,-366
69,1999,-162,-366,1,-366,194,20,9.7
70,1999,70,-199,4,-49.75,152,6,25.333333333333332
70,2006,-338,-560,1,-560,296,1,296
70,2019,-146,-104,12,-8.666666666666666,NaN,NaN,NaN
71,2004,380,-187,2,-93.5,173,8,21.625
71,2013,67,-486,1,-486,102,6,17
72,2003,634,-92,19,-4.842105263157895,-302,1,-302
72,2004,332,-302,1,-302,213,1,213
72,2009,457,-88,4,-22,257,2,128.5
73,2014,322,-244,24,-10.166666666666666,-487,1,-487
73,2015,-165,-487,1,-487,139,4,34.75
74,1993,602,-57,9,-6.333333333333333,-537,1,-537
74,1994,65,-537,1,-537,509,3,169.66666666666666
74,2006,196,-415,1,-415,519,13,39.92307692307692
75,2015,690,-48,31,-1.548387096774194,-335,1,-335
75,2016,355,-335,1,-335,0,3,0
76,1991,-48,-489,1,-489,433,2,216.5
77,1997,583,-2,13,-0.153846153846154,-183,1,-183
77,1998,400,-183,1,-183,241,1,241
77,2001,391,-250,2,-125,302,18,16.77777777777778
78,1990,-215,-862,1,-862,552,1,552
78,2003,255,-82,12,-6.833333333333333,204,2,102
79,1990,265,-72,6,-12,-416,1,-416
79,1991,-151,-416,1,-416,406,28,14.5
80,1990,-150,-115,6,-19.166666666666668,355,1,355
80,2001,-150,-456,2,-228,401,1,401
80,2019,150,-101,17,-5.941176470588236,NaN,NaN,NaN
81,1991,33,-560,1,-560,-239,10,-23.9
81,2001,-206,-239,10,-23.9,115,18,6.388888888888889
82,1993,249,-379,9,-42.111111111111114,339,1,339
82,1998,419,-233,1,-233,191,1,191
83,2003,-51,-638,1,-638,190,1,190
84,1998,24,-610,1,-610,228,1,228
84,2005,240,-12,6,-2,253,5,50.6
85,1999,488,-158,1,-158,114,1,114
85,2001,314,-288,1,-288,432,6,72
85,2019,715,-31,12,-2.583333333333333,NaN,NaN,NaN
86,2006,370,-195,1,-195,68,1,68
86,2008,116,-322,1,-322,154,11,14
87,2004,459,-270,2,-135,164,5,32.8
87,2010,-74,-697,1,-697,190,9,21.11111111111111
88,1990,498,-1,6,-0.166666666666667,-535,1,-535
88,1991,-37,-535,1,-535,373,1,373
88,2014,-89,-713,1,-713,0,5,0
89,2009,489,-173,1,-173,-448,1,-448
89,2010,41,-448,1,-448,3,9,0.333333333333333
90,1992,528,-131,8,-16.375,168,27,6.222222222222222
92,2005,48,-122,21,-5.809523809523809,216,1,216
92,2007,-24,-288,1,-288,0,12,0
93,2010,262,-400,1,-400,216,1,216
95,2007,-106,-291,1,-291,0,12,0
96,2019,208,-70,25,-2.8,NaN,NaN,NaN
97,2011,-114,-436,1,-436,203,1,203
99,2010,638,-16,8,-2,-674,1,-674
99,2011,-36,-674,1,-674,479,1,479
100,2010,172,-168,9,-18.666666666666668,-478,1,-478
100,2011,-306,-478,1,-478,400,6,66.66666666666667
100,2019,-91,-185,2,-92.5,NaN,NaN,NaN
101,2014,473,-16,30,-0.533333333333333,-838,1,-838
101,2015,-365,-838,1,-838,179,1,179
102,2002,-478,-988,1,-988,872,5,174.4
103,1998,-168,-805,1,-805,409,12,34.083333333333336
103,2011,-493,-734,1,-734,712,2,356
104,2011,220,-287,4,-71.75,348,1,348
104,2019,332,-236,7,-33.714285714285715,NaN,NaN,NaN
105,1990,618,-70,6,-11.666666666666666,-299,2,-149.5
105,1992,319,-299,2,-149.5,93,1,93
106,2007,449,-50,23,-2.173913043478261,-366,1,-366
106,2008,83,-366,1,-366,334,11,30.363636363636363
107,1999,-43,-572,1,-572,180,1,180
108,1999,-421,-882,1,-882,522,1,522
109,2006,140,-375,1,-375,260,13,20
110,1995,521,-206,6,-34.333333333333336,6,17,0.352941176470588
110,2013,-508,-1035,1,-1035,542,1,542
111,2003,56,-470,3,-156.66666666666666,43,16,2.6875
112,1995,8,-135,1,-135,223,4,55.75
112,2002,-72,-303,3,-101,354,2,177
112,2019,136,-146,15,-9.733333333333333,NaN,NaN,NaN
113,1998,287,-337,2,-168.5,249,5,49.8
114,1994,38,-163,10,-16.3,439,1,439
114,2000,49,-428,5,-85.6,58,9,6.444444444444445
114,2019,258,-93,9,-10.333333333333334,NaN,NaN,NaN
115,2002,-491,-1111,1,-1111,384,1,384
116,2014,536,-78,30,-2.6,-575,1,-575
116,2015,-39,-575,1,-575,424,2,212
117,2006,-154,-338,1,-338,279,3,93
117,2010,-75,-200,1,-200,3,9,0.333333333333333
118,2006,519,-108,22,-4.909090909090909,-158,1,-158
118,2007,361,-158,1,-158,122,12,10.166666666666666
119,1998,388,-221,6,-36.833333333333336,171,10,17.1
119,2019,317,-242,11,-22,NaN,NaN,NaN
120,2005,272,-281,1,-281,207,14,14.785714285714286
121,1996,695,-10,12,-0.833333333333333,-177,2,-88.5
121,1998,518,-177,2,-88.5,200,21,9.523809523809524
122,1999,76,-609,1,-609,456,1,456
123,2019,269,-95,29,-3.275862068965517,NaN,NaN,NaN
124,1998,192,-104,14,-7.428571428571429,361,1,361
124,2002,102,-451,3,-150.33333333333334,34,1,34
124,2019,461,-34,15,-2.266666666666667,NaN,NaN,NaN
125,1998,617,-56,14,-4,-207,1,-207
125,1999,410,-207,1,-207,186,20,9.3
126,2011,520,-82,26,-3.153846153846154,-192,1,-192
126,2012,328,-192,1,-192,97,7,13.857142857142858
127,2002,249,-316,1,-316,203,2,101.5
129,1990,226,-206,1,-206,391,1,391
129,2019,509,-108,28,-3.857142857142857,NaN,NaN,NaN
130,2000,349,-273,1,-273,41,19,2.157894736842105
132,2009,42,-211,5,-42.2,400,1,400
132,2015,41,-401,5,-80.2,299,1,299
132,2019,127,-213,3,-71,NaN,NaN,NaN
133,1995,738,-15,11,-1.363636363636364,-282,1,-282
133,1996,456,-282,1,-282,273,9,30.333333333333332
133,2019,726,-3,14,-0.214285714285714,NaN,NaN,NaN
134,2015,231,-478,1,-478,223,1,223
135,1985,38,-301,1,-301,118,19,6.210526315789473
135,2005,-147,-303,1,-303,122,14,8.714285714285714
136,2000,289,-139,1,-139,145,9,16.11111111111111
136,2011,233,-201,2,-100.5,173,2,86.5
137,1990,-100,-688,6,-114.66666666666667,882,5,176.4
137,1998,36,-746,3,-248.66666666666666,53,7,7.571428571428571
137,2019,130,-723,2,-361.5,NaN,NaN,NaN
138,1993,-435,-752,1,-752,279,3,93
138,2019,135,-68,11,-6.181818181818182,NaN,NaN,NaN
139,1993,235,-359,1,-359,458,3,152.66666666666666
139,2000,395,-298,4,-74.5,314,4,78.5
139,2019,625,-84,15,-5.6,NaN,NaN,NaN
140,2000,29,-88,14,-6.285714285714286,285,3,95
140,2007,221,-93,4,-23.25,-510,1,-510
140,2008,-289,-510,1,-510,346,11,31.454545454545453
141,2001,165,-572,1,-572,-67,2,-33.5
141,2003,98,-67,2,-33.5,420,2,210
142,1992,-202,-793,1,-793,135,3,45
143,2001,311,-284,1,-284,226,18,12.555555555555555
144,2012,562,-56,28,-2,-200,7,-28.571428571428573
144,2019,362,-200,7,-28.571428571428573,NaN,NaN,NaN
145,2015,562,-46,31,-1.483870967741935,-1020,1,-1020
145,2016,-458,-1020,1,-1020,661,1,661
146,2019,39,-116,29,-4,NaN,NaN,NaN
147,2012,-64,-358,1,-358,116,7,16.571428571428573
148,2015,-147,-736,1,-736,469,4,117.25
149,1989,611,-47,5,-9.4,-484,1,-484
149,1990,127,-484,1,-484,221,1,221
149,2019,529,-15,22,-0.681818181818182,NaN,NaN,NaN
150,2019,644,-71,35,-2.028571428571428,NaN,NaN,NaN
151,1998,571,-42,14,-3,-809,1,-809
151,1999,-238,-809,1,-809,382,1,382
151,2011,127,-17,11,-1.545454545454545,226,1,226
152,1997,527,-35,13,-2.692307692307693,-207,1,-207
152,1998,320,-207,1,-207,254,21,12.095238095238095
153,2007,-330,-643,1,-643,404,2,202
154,2008,203,-14,19,-0.736842105263158,174,2,87
154,2015,162,-215,5,-43,219,1,219
154,2019,295,-86,3,-28.666666666666668,NaN,NaN,NaN
156,2006,-327,-703,1,-703,251,1,251
157,2008,-211,-848,1,-848,0,11,0
158,2006,-117,-550,1,-550,373,1,373
158,2019,211,-45,12,-3.75,NaN,NaN,NaN
159,2015,391,-197,1,-197,69,4,17.25
160,1995,671,-30,11,-2.727272727272727,-403,1,-403
160,1996,268,-403,1,-403,168,1,168
162,2010,89,-147,1,-147,0,9,0
164,2019,522,-60,35,-1.714285714285714,NaN,NaN,NaN
165,1998,417,-204,1,-204,-2,17,-0.117647058823529
165,2015,415,-2,17,-0.117647058823529,224,1,224
165,2019,561,-78,3,-26,NaN,NaN,NaN
166,2001,105,-664,1,-664,422,1,422
167,2009,-33,-320,1,-320,197,1,197
167,2012,96,-68,2,-34,249,1,249
167,2019,269,-76,6,-12.666666666666666,NaN,NaN,NaN
168,1985,-369,-693,1,-693,242,1,242
169,1994,672,-34,10,-3.4,-974,1,-974
169,1995,-302,-974,1,-974,465,1,465
170,1986,-107,-54,2,-27,172,2,86
170,2006,-262,-528,1,-528,130,2,65
171,2001,645,-26,17,-1.529411764705882,-192,1,-192
171,2002,453,-192,1,-192,247,1,247
172,1997,79,-314,1,-314,0,2,0
172,2019,304,-201,3,-67,NaN,NaN,NaN
173,2000,465,-217,8,-27.125,148,1,148
173,2019,605,-8,18,-0.444444444444444,NaN,NaN,NaN
174,2008,-130,-484,1,-484,148,11,13.454545454545455
175,1994,467,-250,10,-25,-213,1,-213
175,1995,254,-213,1,-213,310,1,310
176,2007,578,-152,23,-6.608695652173913,-226,2,-113
176,2009,352,-226,2,-113,310,10,31
177,2016,-225,-665,1,-665,353,3,117.66666666666667
178,1990,-127,-20,6,-3.333333333333333,609,1,609
178,1994,-95,-577,3,-192.33333333333334,727,1,727
178,1996,171,-461,1,-461,307,23,13.347826086956522
179,1999,307,-195,15,-13,118,13,9.076923076923077
179,2015,365,-280,2,-140,239,1,239
179,2019,497,-107,3,-35.666666666666664,NaN,NaN,NaN
180,2005,-82,-262,1,-262,95,14,6.785714285714286
181,2013,-364,-547,1,-547,133,6,22.166666666666668
182,2005,486,-59,21,-2.809523809523809,-1060,1,-1060
182,2006,-574,-1060,1,-1060,442,1,442
183,2009,122,-235,1,-235,39,10,3.9
184,2002,666,-27,18,-1.5,-618,1,-618
184,2003,48,-618,1,-618,298,1,298
185,2001,-74,-342,1,-342,289,1,289
185,2019,99,-116,17,-6.823529411764706,NaN,NaN,NaN
186,2004,193,-417,1,-417,88,7,12.571428571428571
187,2005,-376,-822,1,-822,0,3,0
188,1993,496,-152,9,-16.88888888888889,142,26,5.461538461538462
189,1994,325,-287,2,-143.5,235,1,235
189,2009,394,-171,1,-171,130,10,13
190,2019,555,-73,35,-2.085714285714286,NaN,NaN,NaN
191,2019,516,-14,35,-0.4,NaN,NaN,NaN
193,1985,225,-165,1,-165,363,1,363
194,2019,582,-5,35,-0.142857142857143,NaN,NaN,NaN
196,2008,373,-50,24,-2.083333333333333,169,1,169
198,2011,-61,-605,1,-605,376,1,376
199,2001,-115,-323,2,-161.5,488,12,40.666666666666664
199,2015,84,-289,2,-144.5,380,1,380
200,2010,334,-247,1,-247,115,9,12.777777777777779
201,1999,424,-209,2,-104.5,191,2,95.5
201,2019,552,-63,18,-3.5,NaN,NaN,NaN
202,1986,78,-318,1,-318,-208,4,-52
202,1990,-130,-208,4,-52,-68,29,-2.344827586206896
202,2019,-198,-68,29,-2.344827586206896,NaN,NaN,NaN
203,2010,-521,-785,1,-785,392,1,392
204,2008,-24,-484,1,-484,432,3,144
204,2019,407,-1,8,-0.125,NaN,NaN,NaN
205,1995,-246,-502,1,-502,396,11,36
205,2011,60,-90,5,-18,272,4,68
205,2019,262,-70,4,-17.5,NaN,NaN,NaN
206,2001,628,-56,17,-3.294117647058823,-872,1,-872
206,2002,-244,-872,1,-872,496,4,124
207,1998,510,-70,14,-5,-151,1,-151
207,1999,359,-151,1,-151,311,1,311
207,2001,472,-198,1,-198,158,18,8.777777777777779
208,2005,567,-166,1,-166,107,5,21.4
208,2011,251,-423,1,-423,201,1,201
209,1998,545,-124,1,-124,145,2,72.5
210,2014,690,-24,30,-0.8,-999,1,-999
210,2015,-309,-999,1,-999,487,2,243.5
211,1991,626,-14,7,-2,-947,1,-947
211,1992,-321,-947,1,-947,319,1,319
212,2019,486,-29,17,-1.705882352941176,NaN,NaN,NaN
213,2000,393,-257,1,-257,278,3,92.66666666666667
213,2015,401,-270,12,-22.5,270,1,270
214,1999,355,-265,1,-265,316,10,31.6
215,1999,415,-242,1,-242,164,1,164
216,2004,439,-6,20,-0.3,-536,1,-536
216,2005,-97,-536,1,-536,359,2,179.5
217,2011,189,-303,2,-151.5,119,8,14.875
218,2001,290,-67,9,-7.444444444444445,-371,1,-371
218,2002,-81,-371,1,-371,41,17,2.411764705882353
219,1991,-21,-245,1,-245,168,28,6
220,1998,501,-131,1,-131,71,2,35.5
220,2001,355,-217,1,-217,85,18,4.722222222222222
221,2005,-274,-924,1,-924,398,1,398
221,2014,100,-24,8,-3,290,5,58
223,2015,277,-69,2,-34.5,-389,1,-389
223,2016,-112,-389,1,-389,0,3,0
224,2019,739,-8,14,-0.571428571428571,NaN,NaN,NaN
226,1999,-23,-243,1,-243,0,20,0
227,2009,389,-318,1,-318,303,2,151.5
228,1997,142,-19,13,-1.461538461538461,-312,1,-312
228,1998,-170,-312,1,-312,166,1,166
229,2019,-39,-1,35,-0.028571428571429,NaN,NaN,NaN
230,2019,468,-128,10,-12.8,NaN,NaN,NaN
231,1988,-1,-293,4,-73.25,686,1,686
231,2001,576,-109,12,-9.083333333333334,-566,1,-566
231,2002,10,-566,1,-566,461,1,461
232,2018,-471,-1056,1,-1056,33,1,33
233,2017,648,-44,33,-1.333333333333333,-382,1,-382
233,2018,266,-382,1,-382,248,1,248
234,2007,-99,-787,2,-393.5,129,2,64.5
234,2010,-132,-162,1,-162,231,1,231
234,2019,-79,-178,8,-22.25,NaN,NaN,NaN
235,2001,-94,-244,2,-122,160,1,160
235,2019,-22,-296,9,-32.888888888888886,NaN,NaN,NaN
236,2007,-447,-984,1,-984,602,1,602
236,2011,174,-265,2,-132.5,303,8,37.875
237,2010,609,-108,26,-4.153846153846154,-484,1,-484
237,2011,125,-484,1,-484,233,1,233
238,2004,198,-26,20,-1.3,-504,1,-504
238,2005,-306,-504,1,-504,244,3,81.33333333333333
239,2008,139,-75,13,-5.769230769230769,-220,1,-220
239,2009,-81,-220,1,-220,52,10,5.2
240,1989,329,-287,1,-287,178,2,89
240,2019,518,-163,5,-32.6,NaN,NaN,NaN
241,2011,466,-207,1,-207,260,1,260
241,2019,665,-61,7,-8.714285714285714,NaN,NaN,NaN
242,2007,458,-262,1,-262,-77,5,-15.4
242,2012,381,-77,5,-15.4,357,1,357
242,2019,634,-104,6,-17.333333333333332,NaN,NaN,NaN
243,1985,76,-141,1,-141,-26,7,-3.714285714285714
243,1992,50,-26,7,-3.714285714285714,299,1,299
243,1996,-32,-430,2,-215,49,23,2.130434782608696
244,2006,-476,-852,1,-852,472,2,236
245,1999,-352,-677,1,-677,167,1,167
245,2019,28,-27,14,-1.928571428571429,NaN,NaN,NaN
246,2001,470,-179,1,-179,200,18,11.11111111111111
247,2002,555,-65,18,-3.611111111111111,109,17,6.411764705882353
248,2009,673,-46,25,-1.84,-531,1,-531
248,2010,142,-531,1,-531,414,4,103.5
249,1998,-355,-719,1,-719,327,1,327
249,2019,233,-40,6,-6.666666666666667,NaN,NaN,NaN
250,2006,493,-248,1,-248,183,1,183
251,1998,7,-224,1,-224,-92,4,-23
251,2002,-85,-92,4,-23,163,1,163
251,2004,-381,-459,1,-459,310,15,20.666666666666668
252,1992,644,-282,1,-282,-44,27,-1.62962962962963
252,2019,600,-44,27,-1.62962962962963,NaN,NaN,NaN
253,1993,-421,-711,1,-711,339,2,169.5
253,2019,176,-159,11,-14.454545454545455,NaN,NaN,NaN
254,1997,498,-75,13,-5.769230769230769,-421,1,-421
254,1998,77,-421,1,-421,109,3,36.333333333333336
254,2019,533,-78,16,-4.875,NaN,NaN,NaN
255,2010,214,-25,22,-1.136363636363636,-201,1,-201
255,2011,13,-201,1,-201,0,8,0
256,1998,461,-158,1,-158,203,1,203
259,2006,444,-194,2,-97,0,13,0
260,2019,690,-34,35,-0.971428571428571,NaN,NaN,NaN
263,2019,187,-59,35,-1.685714285714286,NaN,NaN,NaN
264,1985,-1,-176,1,-176,137,25,5.48
264,2011,-101,-237,1,-237,58,8,7.25
265,1985,-196,-473,1,-473,486,34,14.294117647058824
266,2004,-326,-778,1,-778,384,1,384
267,1996,-34,-471,1,-471,203,1,203
268,1992,281,-139,8,-17.375,135,1,135
268,2001,370,-46,8,-5.75,-224,2,-112
268,2003,146,-224,2,-112,350,1,350
269,1997,578,-14,13,-1.076923076923077,-775,1,-775
269,1998,-197,-775,1,-775,454,1,454
270,2015,454,-93,20,-4.65,-705,1,-705
270,2016,-251,-705,1,-705,363,1,363
271,1985,-19,-434,1,-434,182,2,91
272,1990,698,-52,6,-8.666666666666666,-356,1,-356
272,1991,342,-356,1,-356,267,5,53.4
272,2002,293,-316,6,-52.666666666666664,243,1,243
272,2019,415,-121,16,-7.5625,NaN,NaN,NaN
273,2015,163,-536,1,-536,210,1,210
274,2017,220,-333,1,-333,90,2,45
275,2011,402,-5,23,-0.217391304347826,-390,1,-390
275,2012,12,-390,1,-390,194,1,194
276,1999,473,-127,13,-9.76923076923077,-207,1,-207
276,2000,266,-207,1,-207,64,4,16
276,2019,478,-75,14,-5.357142857142857,NaN,NaN,NaN
278,1990,554,-14,6,-2.333333333333333,-993,1,-993
278,1991,-439,-993,1,-993,104,4,26
279,2012,-69,-290,1,-290,122,7,17.428571428571427
280,2002,510,-279,1,-279,230,2,115
280,2019,667,-73,15,-4.866666666666666,NaN,NaN,NaN
281,1994,129,-167,1,-167,221,1,221
281,1998,42,-308,3,-102.66666666666667,343,21,16.333333333333332
282,2019,508,-4,35,-0.114285714285714,NaN,NaN,NaN
283,1987,275,-247,3,-82.33333333333333,425,1,425
283,1999,242,-479,1,-479,224,1,224
284,2016,56,-585,1,-585,282,1,282
285,2006,-405,-600,1,-600,261,2,130.5
286,2019,-13,-175,34,-5.147058823529412,NaN,NaN,NaN
287,1995,324,-65,11,-5.909090909090909,-505,1,-505
287,1996,-181,-505,1,-505,125,7,17.857142857142858
289,2004,463,-247,1,-247,284,15,18.933333333333334
291,1999,221,-456,2,-228,62,3,20.666666666666668
293,2001,-46,-74,17,-4.352941176470588,279,1,279
294,1996,402,-230,1,-230,83,23,3.608695652173913
295,2019,49,-55,13,-4.230769230769231,NaN,NaN,NaN
296,2019,664,-7,2,-3.5,NaN,NaN,NaN
297,1999,204,-352,1,-352,357,15,23.8
297,2015,140,-421,1,-421,330,1,330
297,2019,303,-167,3,-55.666666666666664,NaN,NaN,NaN
298,1997,271,-470,7,-67.14285714285714,320,2,160
298,2002,109,-482,3,-160.66666666666666,681,5,136.2
298,2019,401,-389,12,-32.416666666666664,NaN,NaN,NaN
299,2002,70,-495,1,-495,238,2,119
300,2006,-156,-452,1,-452,72,13,5.538461538461538
301,1993,482,-220,9,-24.444444444444443,177,1,177
301,2019,628,-31,25,-1.24,NaN,NaN,NaN
302,1991,-44,-700,1,-700,381,15,25.4
302,2007,-340,-677,1,-677,557,2,278.5
303,2015,329,-419,1,-419,300,1,300
303,2019,626,-3,3,-1,NaN,NaN,NaN
304,2001,-102,-280,12,-23.333333333333332,293,1,293
304,2009,7,-184,7,-26.285714285714285,266,1,266
304,2019,80,-193,9,-21.444444444444443,NaN,NaN,NaN
305,2001,-108,-283,2,-141.5,184,1,184
306,2007,-20,-482,2,-241,135,12,11.25
307,2010,301,-93,13,-7.153846153846154,-260,1,-260
307,2011,41,-260,1,-260,-116,8,-14.5
307,2019,-75,-116,8,-14.5,NaN,NaN,NaN
308,1994,-221,-584,1,-584,286,1,286
309,2015,-349,-805,1,-805,287,4,71.75
310,2003,241,-172,1,-172,89,10,8.9
310,2014,-125,-455,1,-455,113,5,22.6
311,2015,-121,-791,1,-791,378,1,378
312,2010,560,-3,26,-0.115384615384615,-799,1,-799
312,2011,-239,-799,1,-799,231,1,231
313,1991,288,-347,1,-347,210,1,210
313,2013,261,-286,2,-143,323,6,53.833333333333336
314,2000,-65,-262,1,-262,339,14,24.214285714285715
314,2015,-110,-384,1,-384,300,1,300
315,1999,409,-243,2,-121.5,262,10,26.2
315,2019,545,-126,10,-12.6,NaN,NaN,NaN
316,1999,738,-14,15,-0.933333333333333,-240,2,-120
316,2001,498,-240,2,-120,226,18,12.555555555555555
317,1989,124,-99,5,-19.8,451,1,451
317,1991,37,-538,1,-538,-172,15,-11.466666666666667
317,2006,-135,-172,15,-11.466666666666667,208,1,208
317,2019,50,-23,12,-1.916666666666667,NaN,NaN,NaN
318,1997,-2,-546,1,-546,411,22,18.681818181818183
319,2019,309,-179,9,-19.88888888888889,NaN,NaN,NaN
320,2009,690,-46,25,-1.84,-691,1,-691
320,2010,-1,-691,1,-691,581,2,290.5
321,2001,664,-29,17,-1.705882352941176,-499,1,-499
321,2002,165,-499,1,-499,354,2,177
322,2012,33,-261,1,-261,159,1,159
322,2019,189,-3,6,-0.5,NaN,NaN,NaN
323,2015,522,-7,31,-0.225806451612903,134,1,134
323,2017,-370,-1026,1,-1026,0,2,0
324,2005,515,-18,21,-0.857142857142857,-629,1,-629
324,2006,-114,-629,1,-629,359,1,359
325,1994,43,-383,1,-383,-75,10,-7.5
325,2004,-32,-75,10,-7.5,245,2,122.5
326,1995,154,-230,1,-230,68,6,11.333333333333334
326,2002,-18,-240,1,-240,442,1,442
327,2019,605,-46,35,-1.314285714285714,NaN,NaN,NaN
328,1991,91,-562,1,-562,-16,24,-0.666666666666667
328,2015,75,-16,24,-0.666666666666667,630,1,630
329,2010,-378,-987,1,-987,522,1,522
330,2016,-29,-788,1,-788,-37,1,-37
330,2017,-66,-37,1,-37,248,1,248
331,1992,541,-65,8,-8.125,-634,1,-634
331,1993,-93,-634,1,-634,530,3,176.66666666666666
332,1995,-479,-803,1,-803,974,14,69.57142857142857
332,2010,225,-270,1,-270,-664,1,-664
332,2011,-439,-664,1,-664,442,8,55.25
333,1999,-453,-1101,1,-1101,537,2,268.5
334,2000,543,-57,16,-3.5625,-140,3,-46.666666666666664
334,2003,403,-140,3,-46.666666666666664,223,14,15.928571428571429
334,2018,460,-166,1,-166,69,1,69
335,2004,141,-159,2,-79.5,192,3,64
335,2012,47,-286,5,-57.2,-10,7,-1.428571428571429
335,2019,37,-10,7,-1.428571428571429,NaN,NaN,NaN
336,1986,81,-655,1,-655,83,1,83
337,2007,200,-135,23,-5.869565217391305,211,1,211
337,2010,290,-121,2,-60.5,-539,1,-539
337,2011,-249,-539,1,-539,258,1,258
338,1993,589,-92,9,-10.222222222222221,-223,2,-111.5
338,1995,366,-223,2,-111.5,243,1,243
338,2019,605,-4,23,-0.173913043478261,NaN,NaN,NaN
339,1998,138,-225,2,-112.5,217,2,108.5
339,2008,258,-97,8,-12.125,-433,1,-433
339,2009,-175,-433,1,-433,229,10,22.9
340,1996,-70,-394,1,-394,500,8,62.5
341,2000,68,-466,6,-77.66666666666667,560,1,560
341,2002,267,-361,1,-361,360,13,27.692307692307693
341,2019,548,-79,4,-19.75,NaN,NaN,NaN
342,1992,530,-133,8,-16.625,-901,1,-901
342,1993,-371,-901,1,-901,525,1,525
343,2000,117,-510,1,-510,209,1,209
344,1991,289,-40,4,-10,-239,1,-239
344,1992,50,-239,1,-239,103,25,4.12
345,1990,268,-254,2,-127,323,3,107.66666666666667
345,2019,520,-71,26,-2.730769230769231,NaN,NaN,NaN
346,2001,-192,-621,1,-621,348,1,348
347,2015,189,-427,1,-427,126,4,31.5
348,1993,381,-278,9,-30.88888888888889,284,4,71
348,1998,425,-240,1,-240,229,15,15.266666666666667
348,2014,213,-441,1,-441,141,5,28.2
349,2019,626,-37,35,-1.057142857142857,NaN,NaN,NaN
350,2004,690,-20,20,-1,42,15,2.8
351,1993,-27,-104,1,-104,186,18,10.333333333333334
351,2012,-60,-219,1,-219,0,7,0
352,2019,624,-90,35,-2.571428571428572,NaN,NaN,NaN
353,1995,82,-609,1,-609,254,1,254
354,2014,-53,-458,1,-458,166,5,33.2
355,2001,-74,-47,17,-2.764705882352941,238,1,238
355,2007,46,-118,5,-23.6,113,9,12.555555555555555
355,2017,-81,-240,1,-240,0,2,0
356,2008,-239,-382,1,-382,67,11,6.090909090909091
357,2019,655,-26,22,-1.181818181818182,NaN,NaN,NaN
358,2019,178,-82,13,-6.307692307692307,NaN,NaN,NaN
359,2000,59,-284,1,-284,-71,19,-3.736842105263158
359,2019,-12,-71,19,-3.736842105263158,NaN,NaN,NaN
360,2004,-10,-118,19,-6.210526315789473,507,1,507
361,2011,140,-93,7,-13.285714285714286,182,1,182
362,2019,426,-17,35,-0.485714285714286,NaN,NaN,NaN
363,2018,-1,-515,1,-515,189,1,189
364,1999,-334,-948,1,-948,409,2,204.5
364,2008,158,-140,3,-46.666666666666664,309,11,28.09090909090909
365,2009,-260,-585,1,-585,609,6,101.5
366,2010,243,-67,11,-6.090909090909091,-266,1,-266
366,2011,-23,-266,1,-266,38,8,4.75
367,1999,-543,-1094,1,-1094,43,1,43
368,1998,184,-259,1,-259,118,9,13.11111111111111
368,2010,338,-278,1,-278,37,9,4.111111111111111
369,2010,534,-188,1,-188,98,3,32.666666666666664
369,2014,-5,-637,1,-637,504,2,252
369,2019,495,-4,3,-1.333333333333333,NaN,NaN,NaN
370,2015,-361,-981,1,-981,128,1,128
371,2013,131,-204,1,-204,-35,6,-5.833333333333333
371,2019,96,-35,6,-5.833333333333333,NaN,NaN,NaN
372,1988,711,-35,4,-8.75,-453,1,-453
372,1989,258,-453,1,-453,228,1,228
372,2019,674,-86,15,-5.733333333333333,NaN,NaN,NaN
373,1996,-65,-461,1,-461,423,23,18.391304347826086
374,2016,-80,-425,2,-212.5,86,3,28.666666666666668
375,2010,374,-247,3,-82.33333333333333,234,3,78
375,2014,-241,-849,1,-849,0,5,0
376,1996,738,-18,12,-1.5,-493,1,-493
376,1997,245,-493,1,-493,-56,2,-28
376,1999,189,-56,2,-28,441,1,441
376,2012,445,-185,12,-15.416666666666666,223,7,31.857142857142858
377,1989,390,-3,5,-0.6,204,2,102
377,1993,405,-189,2,-94.5,-18,16,-1.125
377,2009,387,-18,16,-1.125,-204,1,-204
377,2010,183,-204,1,-204,98,9,10.88888888888889
378,1998,555,-41,14,-2.928571428571428,-234,1,-234
378,1999,321,-234,1,-234,82,1,82
378,2008,367,-36,8,-4.5,182,2,91
379,2005,338,-40,21,-1.904761904761905,-505,1,-505
379,2006,-167,-505,1,-505,215,1,215
379,2012,-88,-136,5,-27.2,191,7,27.285714285714285
380,2003,673,-65,19,-3.421052631578947,-147,1,-147
380,2004,526,-147,1,-147,51,15,3.4
381,2001,272,-63,17,-3.705882352941177,-348,1,-348
381,2002,-76,-348,1,-348,180,2,90
381,2012,95,-9,8,-1.125,222,2,111
382,1997,-66,-312,2,-156,264,1,264
382,2010,85,-113,12,-9.416666666666666,185,1,185
382,2019,-51,-321,8,-40.125,NaN,NaN,NaN
383,1998,519,-13,14,-0.928571428571429,-972,1,-972
383,1999,-453,-972,1,-972,37,3,12.333333333333334
383,2007,-237,-300,1,-300,145,12,12.083333333333334
384,1993,354,-249,1,-249,34,3,11.333333333333334
384,2017,447,-252,20,-12.6,236,2,118
385,2009,385,-252,1,-252,173,1,173
386,1994,531,-65,10,-6.5,-304,1,-304
386,1995,227,-304,1,-304,14,6,2.333333333333333
386,2002,-100,-341,1,-341,621,1,621
387,1996,557,-198,1,-198,40,10,4
387,2007,423,-174,1,-174,235,1,235
387,2019,656,-2,11,-0.181818181818182,NaN,NaN,NaN
390,2001,80,-312,1,-312,0,18,0
391,2019,217,-4,35,-0.114285714285714,NaN,NaN,NaN
392,2015,274,-286,2,-143,0,4,0
394,1999,228,-144,1,-144,0,8,0
394,2008,-187,-415,1,-415,518,1,518
395,2019,628,-86,35,-2.457142857142857,NaN,NaN,NaN
396,2004,331,-276,1,-276,342,3,114
396,2010,374,-299,3,-99.66666666666667,316,1,316
396,2019,646,-44,8,-5.5,NaN,NaN,NaN
397,1995,-251,-659,1,-659,342,10,34.2
397,2019,260,-49,7,-7,NaN,NaN,NaN
398,1998,304,-339,1,-339,374,15,24.933333333333334
398,2016,457,-221,3,-73.66666666666667,254,1,254
398,2019,656,-55,2,-27.5,NaN,NaN,NaN
399,1995,-83,-172,1,-172,252,19,13.263157894736842
399,2015,-48,-217,1,-217,172,1,172
399,2019,98,-26,3,-8.666666666666666,NaN,NaN,NaN
400,2015,690,-53,31,-1.709677419354839,-379,1,-379
400,2016,311,-379,1,-379,96,3,32
401,2006,-423,-761,1,-761,45,1,45
402,1999,386,-294,2,-147,317,12,26.416666666666668
402,2012,535,-168,1,-168,155,4,38.75
402,2019,502,-188,3,-62.666666666666664,NaN,NaN,NaN
403,1988,60,-114,4,-28.5,348,1,348
403,2003,181,-377,8,-47.125,347,7,49.57142857142857
403,2019,310,-218,9,-24.22222222222222,NaN,NaN,NaN
404,2001,504,-107,13,-8.23076923076923,218,8,27.25
404,2010,486,-236,1,-236,201,1,201
404,2019,683,-4,8,-0.5,NaN,NaN,NaN
405,1995,-57,-484,1,-484,170,1,170
406,1998,224,-368,1,-368,273,1,273
406,2000,285,-212,1,-212,292,4,73
407,1990,379,-131,1,-131,205,3,68.33333333333333
407,1995,316,-268,2,-134,224,1,224
407,2019,465,-75,23,-3.260869565217391,NaN,NaN,NaN
408,2002,50,-351,1,-351,372,17,21.88235294117647
409,2009,312,-235,1,-235,-57,2,-28.5
409,2011,255,-57,2,-28.5,189,1,189
409,2019,422,-22,7,-3.142857142857143,NaN,NaN,NaN
410,2011,-45,-331,1,-331,0,8,0
411,2002,284,-224,2,-112,181,17,10.647058823529411
412,2001,-326,-600,1,-600,444,18,24.666666666666668
413,2008,151,-72,24,-3,-399,1,-399
413,2009,-248,-399,1,-399,204,1,204
414,1998,524,-1,14,-0.071428571428571,-489,1,-489
414,1999,35,-489,1,-489,271,1,271
415,2015,503,-18,30,-0.6,-315,2,-157.5
415,2017,188,-315,2,-157.5,0,2,0
416,1991,-24,-372,1,-372,405,9,45
416,2003,-89,-470,3,-156.66666666666666,484,1,484
418,1994,301,-235,1,-235,225,25,9
419,1999,-485,-1046,1,-1046,119,2,59.5
420,2000,108,-353,1,-353,296,19,15.578947368421053
421,2003,-21,-685,1,-685,371,1,371
423,2019,535,-162,35,-4.628571428571429,NaN,NaN,NaN
424,2005,220,-435,1,-435,178,1,178
425,2019,428,-102,35,-2.914285714285714,NaN,NaN,NaN
426,2019,385,-13,5,-2.6,NaN,NaN,NaN
427,2019,599,-33,35,-0.942857142857143,NaN,NaN,NaN
429,2016,-296,-964,1,-964,492,1,492
430,1990,157,-482,6,-80.33333333333333,427,11,38.81818181818182
430,2002,251,-333,1,-333,192,11,17.454545454545453
430,2019,318,-168,3,-56,NaN,NaN,NaN
431,1995,-523,-931,1,-931,757,5,151.4
431,2003,141,-93,3,-31,276,3,92
431,2019,310,-107,13,-8.23076923076923,NaN,NaN,NaN
432,1998,373,-226,6,-37.666666666666664,168,16,10.5
432,2016,370,-171,2,-85.5,180,1,180
433,2004,-54,-586,1,-586,273,1,273
433,2011,261,-129,1,-129,248,8,31
434,1997,136,-346,2,-173,265,1,265
434,2001,380,-21,3,-7,-269,1,-269
434,2002,111,-269,1,-269,545,17,32.05882352941177
435,2010,290,-102,7,-14.571428571428571,-722,1,-722
435,2011,-432,-722,1,-722,367,1,367
436,1993,589,-115,9,-12.777777777777779,-641,1,-641
436,1994,-52,-641,1,-641,342,13,26.307692307692307
437,2002,112,-507,1,-507,213,1,213
438,2006,-47,-359,1,-359,89,13,6.846153846153846
439,1986,-221,-494,1,-494,434,11,39.45454545454545
439,2013,-197,-474,1,-474,136,6,22.666666666666668
440,1995,337,-230,3,-76.66666666666667,274,2,137
440,2013,427,-184,16,-11.5,249,1,249
440,2019,619,-57,5,-11.4,NaN,NaN,NaN
441,1991,-338,-608,1,-608,391,4,97.75
441,2016,26,-310,1,-310,153,3,51
442,1988,513,-152,4,-38,-545,1,-545
442,1989,-32,-545,1,-545,-79,3,-26.333333333333332
442,1992,-111,-79,3,-26.333333333333332,495,2,247.5
443,2016,96,-536,1,-536,361,1,361
444,1998,42,-502,1,-502,-15,9,-1.666666666666667
444,2007,27,-15,9,-1.666666666666667,196,6,32.666666666666664
445,2014,730,-9,30,-0.3,-301,1,-301
445,2015,429,-301,1,-301,85,4,21.25
446,1985,54,-374,1,-374,110,4,27.5
447,1997,326,-62,6,-10.333333333333334,-307,1,-307
447,1998,19,-307,1,-307,338,10,33.8
447,2019,173,-184,11,-16.727272727272727,NaN,NaN,NaN
448,2002,507,-118,17,-6.941176470588236,-274,1,-274
448,2003,233,-274,1,-274,449,7,64.14285714285714
448,2019,476,-206,9,-22.88888888888889,NaN,NaN,NaN
449,2008,-421,-557,1,-557,246,1,246
450,1994,618,-55,10,-5.5,-587,1,-587
450,1995,31,-587,1,-587,464,3,154.66666666666666
450,2005,452,-43,7,-6.142857142857143,265,2,132.5
451,2010,279,-236,1,-236,-39,9,-4.333333333333333
451,2019,240,-39,9,-4.333333333333333,NaN,NaN,NaN
452,1993,562,-10,9,-1.111111111111111,-224,1,-224
452,1994,338,-224,1,-224,149,9,16.555555555555557
452,2010,388,-99,7,-14.142857142857142,315,2,157.5
453,1999,72,-456,1,-456,80,10,8
453,2019,430,-39,8,-4.875,NaN,NaN,NaN
454,1989,550,-143,5,-28.6,136,30,4.533333333333333
455,2019,404,-72,35,-2.057142857142857,NaN,NaN,NaN
456,2015,-52,-601,1,-601,40,4,10
457,2006,-218,-358,1,-358,178,13,13.692307692307692
458,2002,479,-98,18,-5.444444444444445,-284,1,-284
458,2003,195,-284,1,-284,150,1,150
459,1990,311,-70,6,-11.666666666666666,257,1,257
459,1992,202,-366,1,-366,-51,27,-1.888888888888889
459,2019,151,-51,27,-1.888888888888889,NaN,NaN,NaN
461,2019,592,-13,34,-0.382352941176471,NaN,NaN,NaN
462,1985,433,-157,1,-157,110,1,110
462,1990,333,-210,4,-52.5,164,1,164
462,2019,470,-27,28,-0.964285714285714,NaN,NaN,NaN
463,1998,621,-10,14,-0.714285714285714,-458,1,-458
463,1999,163,-458,1,-458,172,1,172
464,1998,603,-24,14,-1.714285714285714,-239,1,-239
464,1999,364,-239,1,-239,258,20,12.9
465,2004,378,-222,1,-222,172,1,172
465,2006,316,-234,1,-234,259,7,37
465,2019,374,-201,6,-33.5,NaN,NaN,NaN
466,1988,-82,-507,1,-507,496,8,62
466,2009,9,-405,13,-31.153846153846153,526,1,526
466,2019,293,-242,9,-26.88888888888889,NaN,NaN,NaN
467,2006,-9,-397,1,-397,204,13,15.692307692307692
468,1990,664,-119,1,-119,98,1,98
468,1995,556,-206,4,-51.5,133,24,5.541666666666667
469,2001,-71,-417,2,-208.5,329,1,329
469,2015,168,-90,13,-6.923076923076923,333,1,333
469,2019,189,-312,3,-104,NaN,NaN,NaN
470,1992,352,-317,1,-317,257,1,257
470,2016,597,-12,23,-0.521739130434783,-341,3,-113.66666666666667
470,2019,256,-341,3,-113.66666666666667,NaN,NaN,NaN
471,1985,101,-171,1,-171,370,2,185
471,1998,453,-18,11,-1.636363636363636,-288,5,-57.6
471,2003,165,-288,5,-57.6,356,1,356
471,2019,268,-253,15,-16.866666666666667,NaN,NaN,NaN
472,2005,105,-425,2,-212.5,219,14,15.642857142857142
474,1999,351,-297,3,-99,310,1,310
474,2019,516,-145,19,-7.631578947368421,NaN,NaN,NaN
475,2002,-340,-860,1,-860,641,12,53.416666666666664
475,2015,-248,-549,1,-549,470,1,470
476,2016,-44,-648,1,-648,265,1,265
477,2001,700,-30,17,-1.764705882352941,-554,1,-554
477,2002,146,-554,1,-554,464,1,464
478,2019,613,-26,35,-0.742857142857143,NaN,NaN,NaN
480,2015,-77,-423,1,-423,207,1,207
481,1995,207,-14,11,-1.272727272727273,-432,1,-432
481,1996,-225,-432,1,-432,273,4,68.25
481,2012,7,-41,12,-3.416666666666667,268,1,268
481,2019,154,-121,6,-20.166666666666668,NaN,NaN,NaN
482,1995,60,-524,1,-524,250,16,15.625
482,2019,510,-16,7,-2.285714285714286,NaN,NaN,NaN
483,1985,209,-161,1,-161,306,1,306
483,2000,127,-623,2,-311.5,273,2,136.5
484,2014,-355,-884,1,-884,548,1,548
485,2001,194,-441,1,-441,256,18,14.222222222222221
486,2001,-37,-205,1,-205,164,8,20.5
486,2011,192,-189,1,-189,-84,8,-10.5
486,2019,108,-84,8,-10.5,NaN,NaN,NaN
487,2014,570,-47,30,-1.566666666666667,-573,1,-573
487,2015,-3,-573,1,-573,237,1,237
488,2019,-2,-97,21,-4.619047619047619,NaN,NaN,NaN
489,2019,227,-2,6,-0.333333333333333,NaN,NaN,NaN
491,2019,133,-39,35,-1.114285714285714,NaN,NaN,NaN
492,2012,227,-328,1,-328,398,1,398
493,1996,513,-186,1,-186,110,1,110
494,2019,128,-8,35,-0.228571428571429,NaN,NaN,NaN
495,2002,-424,-1102,1,-1102,860,1,860
496,1987,176,-298,1,-298,-60,3,-20
496,1990,116,-60,3,-20,340,1,340
496,2004,213,-243,13,-18.692307692307693,240,15,16
497,1987,438,-126,3,-42,175,1,175
497,2001,529,-84,13,-6.461538461538462,-802,1,-802
497,2002,-273,-802,1,-802,466,4,116.5
498,2006,-298,-553,1,-553,380,13,29.23076923076923
499,2004,456,-221,8,-27.625,163,3,54.333333333333336
499,2011,336,-283,4,-70.75,307,1,307
499,2019,632,-11,7,-1.571428571428571,NaN,NaN,NaN
500,1988,-47,-132,4,-33,285,1,285
500,2000,62,-612,5,-122.4,509,8,63.625
500,2019,268,-303,11,-27.545454545454547,NaN,NaN,NaN
501,2014,643,-19,30,-0.633333333333333,-489,1,-489
501,2015,154,-489,1,-489,-253,1,-253
501,2016,-99,-253,1,-253,264,3,88
502,1997,401,-264,1,-264,223,4,55.75
502,2019,599,-25,18,-1.388888888888889,NaN,NaN,NaN
503,1985,-15,-100,1,-100,297,23,12.91304347826087
503,2009,-237,-519,1,-519,213,10,21.3
504,2003,577,-168,1,-168,155,16,9.6875
505,2006,-185,-513,1,-513,273,13,21
506,1991,259,-276,7,-39.42857142857143,300,3,100
506,2002,360,-240,1,-240,331,4,82.75
506,2019,678,-13,13,-1,NaN,NaN,NaN
507,1992,345,-389,1,-389,169,1,169
507,2017,571,-190,1,-190,252,2,126
508,2010,404,-47,26,-1.807692307692308,-447,1,-447
508,2011,-43,-447,1,-447,195,1,195
508,2019,127,-25,7,-3.571428571428572,NaN,NaN,NaN
509,1998,402,-181,13,-13.923076923076923,193,3,64.33333333333333
510,1995,-409,-1009,1,-1009,596,1,596
511,1993,339,-379,1,-379,6,8,0.75
511,2002,9,-336,1,-336,585,11,53.18181818181818
511,2019,301,-293,6,-48.833333333333336,NaN,NaN,NaN
512,2010,485,-48,26,-1.846153846153846,-371,1,-371
512,2011,114,-371,1,-371,164,1,164
513,2006,-467,-959,1,-959,672,1,672
515,1992,-88,-715,1,-715,27,4,6.75
516,2016,308,-373,1,-373,93,3,31
517,2013,367,-191,1,-191,73,6,12.166666666666666
519,2008,231,-204,1,-204,61,11,5.545454545454546
520,1999,-109,-133,14,-9.5,303,2,151.5
520,2019,94,-100,18,-5.555555555555555,NaN,NaN,NaN
521,2002,321,-186,1,-186,261,1,261
521,2019,493,-89,16,-5.5625,NaN,NaN,NaN
522,1993,-177,-815,1,-815,657,1,657
523,2003,370,-116,19,-6.105263157894737,-232,1,-232
523,2004,138,-232,1,-232,48,15,3.2
524,2008,-11,-197,1,-197,51,11,4.636363636363637
526,2012,267,-25,28,-0.892857142857143,-180,1,-180
526,2013,87,-180,1,-180,0,6,0
527,2019,499,-139,35,-3.971428571428572,NaN,NaN,NaN
528,2004,476,-173,2,-86.5,94,10,9.4
528,2016,359,-211,2,-105.5,112,3,37.333333333333336
529,1999,-207,-843,1,-843,342,2,171
530,1999,406,-344,2,-172,161,20,8.05
531,2008,-240,-461,1,-461,295,7,42.142857142857146
531,2019,-16,-71,4,-17.75,NaN,NaN,NaN
532,1990,-99,-46,6,-7.666666666666667,208,1,208
532,2001,-265,-374,10,-37.4,346,3,115.33333333333333
532,2019,-21,-102,15,-6.8,NaN,NaN,NaN
533,2013,393,-265,1,-265,-84,2,-42
533,2015,309,-84,2,-42,187,1,187
533,2019,395,-101,3,-33.666666666666664,NaN,NaN,NaN
534,2006,401,-158,1,-158,0,4,0
534,2011,137,-264,1,-264,144,8,18
535,2015,-330,-914,1,-914,586,1,586
536,1993,-256,-586,1,-586,-55,1,-55
536,1994,-311,-55,1,-55,269,1,269
537,2012,111,-142,16,-8.875,-265,1,-265
537,2013,-154,-265,1,-265,159,6,26.5
538,1985,375,-494,1,-494,0,6,0
538,2000,621,-226,8,-28.25,-424,1,-424
538,2001,197,-424,1,-424,565,18,31.38888888888889
539,2002,-11,-192,16,-12,292,1,292
539,2019,73,-279,3,-93,NaN,NaN,NaN
540,1985,54,-258,1,-258,423,30,14.1
540,2016,280,-197,1,-197,16,3,5.333333333333333
541,1996,164,-435,1,-435,197,1,197
541,2015,228,-342,1,-342,296,4,74
542,2010,336,-96,9,-10.666666666666666,-733,1,-733
542,2011,-397,-733,1,-733,381,2,190.5
543,2019,590,-112,35,-3.2,NaN,NaN,NaN
544,2014,562,-86,30,-2.866666666666667,-844,1,-844
544,2015,-282,-844,1,-844,645,1,645
545,2000,343,-276,8,-34.5,264,19,13.894736842105264
546,1985,233,-322,1,-322,-326,4,-81.5
546,1989,-93,-326,4,-81.5,702,1,702
546,2009,443,-166,19,-8.736842105263158,511,1,511
546,2019,827,-127,9,-14.11111111111111,NaN,NaN,NaN
547,1998,419,-205,1,-205,132,1,132
548,1992,-36,-46,8,-5.75,781,2,390.5
548,2000,563,-182,6,-30.333333333333332,-679,1,-679
548,2001,-116,-679,1,-679,711,9,79
548,2019,297,-298,9,-33.111111111111114,NaN,NaN,NaN
549,2006,-493,-1027,1,-1027,555,1,555
550,2010,564,-27,26,-1.038461538461539,-702,1,-702
550,2011,-138,-702,1,-702,392,2,196
550,2019,239,-15,6,-2.5,NaN,NaN,NaN
551,2019,583,-81,35,-2.314285714285715,NaN,NaN,NaN
552,2019,9,-99,25,-3.96,NaN,NaN,NaN
553,2019,455,-116,35,-3.314285714285715,NaN,NaN,NaN
554,2007,253,-245,1,-245,0,12,0
555,2011,222,-370,1,-370,121,8,15.125
556,1999,114,-174,1,-174,0,7,0
556,2007,-181,-295,1,-295,248,1,248
557,2017,537,-79,33,-2.393939393939394,-217,1,-217
557,2018,320,-217,1,-217,84,1,84
558,2019,441,-16,34,-0.470588235294118,NaN,NaN,NaN
559,1999,287,-174,2,-87,-11,20,-0.55
559,2019,276,-11,20,-0.55,NaN,NaN,NaN
561,1992,-166,-686,3,-228.66666666666666,793,1,793
561,2002,29,-598,9,-66.44444444444444,603,2,301.5
561,2019,386,-246,15,-16.4,NaN,NaN,NaN
562,2002,-31,-520,1,-520,174,1,174
563,1998,654,-16,14,-1.142857142857143,-343,1,-343
563,1999,311,-343,1,-343,315,20,15.75
564,2002,196,-524,1,-524,355,1,355
565,2015,-490,-1064,1,-1064,494,3,164.66666666666666
566,1999,-490,-1101,1,-1101,215,1,215
567,1987,330,-223,1,-223,268,12,22.333333333333332
567,2003,261,-337,4,-84.25,275,1,275
568,2001,646,-68,17,-4,-455,1,-455
568,2002,191,-455,1,-455,303,1,303
569,2000,-71,-553,1,-553,330,1,330
570,1992,142,-177,8,-22.125,297,1,297
570,2007,245,-321,8,-40.125,342,7,48.857142857142854
570,2019,278,-309,5,-61.8,NaN,NaN,NaN
571,1990,82,-115,6,-19.166666666666668,329,4,82.25
571,2001,-9,-420,7,-60,403,13,31
571,2015,167,-227,1,-227,-46,4,-11.5
571,2019,121,-46,4,-11.5,NaN,NaN,NaN
572,2013,-275,-509,1,-509,357,6,59.5
573,2002,362,-256,2,-128,306,8,38.25
573,2019,497,-171,9,-19,NaN,NaN,NaN
574,1987,477,-134,2,-67,170,7,24.285714285714285
574,1995,486,-161,1,-161,114,24,4.75
575,2012,323,-38,28,-1.357142857142857,349,1,349
575,2014,-295,-967,1,-967,23,2,11.5
576,1998,289,-22,14,-1.571428571428571,-565,1,-565
576,1999,-276,-565,1,-565,8,8,1
577,1991,235,-306,1,-306,51,15,3.4
577,2008,370,-216,1,-216,105,11,9.545454545454545
578,2006,-180,-454,1,-454,175,1,175
578,2019,-28,-23,12,-1.916666666666667,NaN,NaN,NaN
579,2019,315,-62,35,-1.771428571428571,NaN,NaN,NaN
580,1993,439,-158,1,-158,214,2,107
580,1997,420,-233,2,-116.5,9,22,0.409090909090909
581,2006,144,-21,22,-0.954545454545455,-326,1,-326
581,2007,-182,-326,1,-326,32,6,5.333333333333333
581,2019,-3,-60,5,-12,NaN,NaN,NaN
582,2004,-115,-707,1,-707,382,2,191
583,2017,263,-374,1,-374,117,2,58.5
584,1998,478,-158,1,-158,0,6,0
584,2019,611,-53,13,-4.076923076923077,NaN,NaN,NaN
585,1996,-107,-563,1,-563,254,1,254
587,2002,645,-45,18,-2.5,-295,1,-295
587,2003,350,-295,1,-295,0,6,0
587,2011,292,-380,1,-380,246,8,30.75
588,2015,-23,-265,1,-265,0,4,0
589,1998,538,-2,14,-0.142857142857143,-350,1,-350
589,1999,188,-350,1,-350,282,1,282
592,1998,427,-122,14,-8.714285714285714,297,1,297
592,2019,666,-58,20,-2.9,NaN,NaN,NaN
593,2019,643,-3,35,-0.085714285714286,NaN,NaN,NaN
594,2013,-413,-721,1,-721,225,3,75
595,2016,-529,-723,1,-723,291,3,97
596,1995,-279,-778,1,-778,444,1,444
596,1998,232,-144,1,-144,397,21,18.904761904761905
597,1998,553,-39,14,-2.785714285714286,-761,1,-761
597,1999,-208,-761,1,-761,364,1,364
597,2007,205,-292,1,-292,274,12,22.833333333333332
598,1986,56,-16,2,-8,204,1,204
598,1988,-26,-286,1,-286,426,27,15.777777777777779
598,2016,221,-179,1,-179,167,3,55.666666666666664
599,1989,596,-132,5,-26.4,182,6,30.333333333333332
599,1996,366,-412,1,-412,28,9,3.111111111111111
600,1991,425,-231,1,-231,204,18,11.333333333333334
600,2010,444,-185,1,-185,305,4,76.25
600,2019,565,-184,5,-36.8,NaN,NaN,NaN
601,2010,523,-67,8,-8.375,-1004,1,-1004
601,2011,-481,-1004,1,-1004,598,1,598
602,2011,-212,-276,1,-276,201,2,100.5
602,2019,-57,-46,6,-7.666666666666667,NaN,NaN,NaN
603,1985,150,-453,1,-453,353,1,353
603,2003,-84,-587,17,-34.529411764705884,690,2,345
603,2010,335,-271,5,-54.2,205,9,22.77777777777778
604,1999,477,-191,4,-47.75,102,12,8.5
604,2012,433,-146,1,-146,-3,7,-0.428571428571429
604,2019,430,-3,7,-0.428571428571429,NaN,NaN,NaN
605,1999,-279,-775,1,-775,545,14,38.92857142857143
605,2014,-135,-401,1,-401,193,5,38.6
606,1993,113,-336,5,-67.2,150,26,5.769230769230769
607,1989,-185,-378,5,-75.6,62,15,4.133333333333334
607,2009,-26,-709,4,-177.25,792,1,792
607,2019,392,-374,9,-41.55555555555556,NaN,NaN,NaN
608,2005,239,-236,10,-23.6,-720,1,-720
608,2006,-481,-720,1,-720,414,1,414
610,2004,258,-312,2,-156,267,10,26.7
610,2015,-252,-777,1,-777,613,2,306.5
611,1988,78,-27,4,-6.75,257,1,257
611,2000,127,-292,4,-73,207,1,207
612,1989,226,-182,3,-60.666666666666664,256,1,256
612,2000,300,-182,10,-18.2,193,1,193
612,2019,370,-123,18,-6.833333333333333,NaN,NaN,NaN
613,1990,-140,-81,6,-13.5,346,1,346
613,1997,8,-198,6,-33,49,22,2.227272727272727
614,2010,458,-118,26,-4.538461538461538,198,4,49.5
614,2019,594,-62,5,-12.4,NaN,NaN,NaN
615,1994,205,-502,10,-50.2,628,1,628
615,2001,768,-65,6,-10.833333333333334,-951,1,-951
615,2002,-183,-951,1,-951,728,1,728
616,2008,-514,-721,1,-721,245,1,245
617,2013,-139,-356,1,-356,103,6,17.166666666666668
618,2019,279,-129,35,-3.685714285714285,NaN,NaN,NaN
619,1995,262,-297,1,-297,296,3,98.66666666666667
619,2009,530,-28,11,-2.545454545454545,-187,1,-187
619,2010,343,-187,1,-187,-68,9,-7.555555555555555
619,2019,275,-68,9,-7.555555555555555,NaN,NaN,NaN
620,1996,126,-29,12,-2.416666666666667,220,1,220
620,2009,326,-20,12,-1.666666666666667,-285,1,-285
620,2010,41,-285,1,-285,120,9,13.333333333333334
621,1995,-322,-934,1,-934,596,1,596
622,2019,657,-47,35,-1.342857142857143,NaN,NaN,NaN
623,2019,497,-93,35,-2.657142857142857,NaN,NaN,NaN
624,2012,648,-61,28,-2.178571428571428,-308,1,-308
624,2013,340,-308,1,-308,0,6,0
625,1998,639,-18,14,-1.285714285714286,-136,1,-136
625,1999,503,-136,1,-136,0,20,0
627,2006,-167,-475,1,-475,44,3,14.666666666666666
627,2011,-87,-207,1,-207,197,8,24.625
628,1995,194,-235,11,-21.363636363636363,321,2,160.5
628,2002,173,-342,5,-68.4,501,11,45.54545454545455
628,2015,307,-367,2,-183.5,133,4,33.25
629,1990,9,-208,3,-69.33333333333333,179,3,59.666666666666664
629,1996,-35,-223,3,-74.33333333333333,182,10,18.2
629,2019,-34,-181,13,-13.923076923076923,NaN,NaN,NaN
630,1998,508,-222,1,-222,179,16,11.1875
630,2015,217,-470,1,-470,276,1,276
631,1998,6,-692,1,-692,-236,2,-118
631,2000,-230,-236,2,-118,328,2,164
632,1999,-349,-481,1,-481,164,1,164
633,2009,43,-243,7,-34.714285714285715,254,1,254
633,2015,-121,-418,5,-83.6,337,1,337
633,2019,-38,-254,3,-84.66666666666667,NaN,NaN,NaN
634,1999,77,-273,4,-68.25,26,6,4.333333333333333
634,2006,-161,-264,1,-264,269,13,20.692307692307693
635,1987,448,-311,1,-311,172,7,24.571428571428573
635,1995,248,-372,1,-372,376,4,94
635,2019,527,-97,20,-4.85,NaN,NaN,NaN
636,2006,623,-92,22,-4.181818181818182,-684,1,-684
636,2007,-61,-684,1,-684,3,12,0.25
637,2002,-451,-1164,1,-1164,302,1,302
638,1992,598,-26,8,-3.25,-427,1,-427
638,1993,171,-427,1,-427,376,26,14.461538461538462
639,2013,-69,-411,1,-411,-154,6,-25.666666666666668
639,2019,-223,-154,6,-25.666666666666668,NaN,NaN,NaN
640,2016,-249,-869,1,-869,461,1,461
641,2000,-51,-332,1,-332,174,19,9.157894736842104
642,2008,675,-35,24,-1.458333333333333,-178,1,-178
642,2009,497,-178,1,-178,178,10,17.8
643,2011,-410,-591,1,-591,344,1,344
644,1991,54,-41,7,-5.857142857142857,192,1,192
644,1997,176,-70,5,-14,141,1,141
644,1999,88,-229,1,-229,16,20,0.8
645,2019,651,-30,35,-0.857142857142857,NaN,NaN,NaN
646,2010,600,-12,14,-0.857142857142857,-450,1,-450
646,2011,150,-450,1,-450,315,3,105
647,2000,82,-184,1,-184,98,19,5.157894736842105
648,2008,424,-388,1,-388,4,8,0.5
650,1995,257,-430,1,-430,-23,8,-2.875
650,2003,234,-23,8,-2.875,260,1,260
651,2001,48,-633,1,-633,325,7,46.42857142857143
652,2013,17,-435,1,-435,280,1,280
653,1992,-101,-89,8,-11.125,350,2,175
653,2005,24,-225,1,-225,163,1,163
653,2019,55,-132,13,-10.153846153846153,NaN,NaN,NaN
655,1993,463,-147,1,-147,122,26,4.692307692307693
656,1998,463,-131,1,-131,84,21,4
657,2019,308,-13,18,-0.722222222222222,NaN,NaN,NaN
658,2009,27,-151,1,-151,-22,10,-2.2
658,2019,5,-22,10,-2.2,NaN,NaN,NaN
659,2019,809,-36,3,-12,NaN,NaN,NaN
660,1997,-39,-223,2,-111.5,184,2,92
660,2001,-167,-312,2,-156,301,1,301
660,2019,80,-54,17,-3.176470588235294,NaN,NaN,NaN
661,2010,323,-269,7,-38.42857142857143,-736,1,-736
661,2011,-413,-736,1,-736,458,2,229
662,2001,-108,-286,2,-143,349,1,349
662,2009,73,-168,7,-24,201,1,201
662,2019,41,-233,9,-25.88888888888889,NaN,NaN,NaN
663,2014,538,-198,1,-198,157,5,31.4
664,2005,390,-84,21,-4,-774,1,-774
664,2006,-384,-774,1,-774,394,2,197
665,1992,570,-3,8,-0.375,-132,5,-26.4
665,1997,438,-132,5,-26.4,236,17,13.882352941176471
665,2015,-71,-745,1,-745,583,1,583
665,2019,493,-19,3,-6.333333333333333,NaN,NaN,NaN
666,1998,-98,-715,1,-715,214,2,107
667,2006,-336,-537,1,-537,129,1,129
668,1988,-160,-524,4,-131,677,1,677
668,2000,397,-120,11,-10.909090909090908,-638,2,-319
668,2002,-241,-638,2,-319,843,4,210.75
669,2011,-229,-554,1,-554,270,2,135
669,2019,39,-2,6,-0.333333333333333,NaN,NaN,NaN
670,2015,672,-6,31,-0.193548387096774,-395,1,-395
670,2016,277,-395,1,-395,216,1,216
670,2019,419,-74,2,-37,NaN,NaN,NaN
671,1992,329,-292,8,-36.5,364,2,182
671,2000,629,-64,6,-10.666666666666666,-394,2,-197
671,2002,235,-394,2,-197,403,13,31
671,2019,559,-79,4,-19.75,NaN,NaN,NaN
672,1995,-500,-897,1,-897,481,2,240.5
673,2001,252,-716,1,-716,-142,4,-35.5
673,2005,110,-142,4,-35.5,637,3,212.33333333333334
673,2009,173,-574,1,-574,49,10,4.9
674,2006,495,-140,7,-20,-228,1,-228
674,2007,267,-228,1,-228,350,2,175
674,2011,416,-201,2,-100.5,124,8,15.5
675,2013,-109,-409,1,-409,116,6,19.333333333333332
676,2016,-464,-997,1,-997,453,1,453
677,1999,585,-7,15,-0.466666666666667,-361,2,-180.5
677,2001,224,-361,2,-180.5,165,1,165
678,1989,9,-195,2,-97.5,274,1,274
678,2001,-41,-324,11,-29.454545454545453,276,3,92
678,2019,-17,-252,15,-16.8,NaN,NaN,NaN
679,1994,511,-138,3,-46,-296,1,-296
679,1995,215,-296,1,-296,181,1,181
680,1991,391,-210,1,-210,-141,8,-17.625
680,1999,250,-141,8,-17.625,274,1,274
680,2019,507,-17,19,-0.894736842105263,NaN,NaN,NaN
681,2014,260,-276,1,-276,74,5,14.8
682,2001,256,-282,1,-282,51,18,2.833333333333333
683,2004,-33,-116,20,-5.8,205,1,205
683,2006,70,-102,1,-102,184,1,184
683,2019,-45,-299,12,-24.916666666666668,NaN,NaN,NaN
684,1999,-70,-569,1,-569,187,1,187
685,2004,572,-165,2,-82.5,115,15,7.666666666666667
686,1997,-60,-15,13,-1.153846153846154,207,2,103.5
686,2006,-177,-354,1,-354,226,1,226
687,2010,688,-16,26,-0.615384615384615,-234,1,-234
687,2011,454,-234,1,-234,164,1,164
688,1985,224,-294,1,-294,0,3,0
688,2019,457,-89,30,-2.966666666666667,NaN,NaN,NaN
691,2010,568,-74,26,-2.846153846153846,-384,1,-384
691,2011,184,-384,1,-384,0,8,0
692,2019,634,-43,35,-1.228571428571429,NaN,NaN,NaN
693,2006,-45,-407,1,-407,174,13,13.384615384615385
694,2002,396,-262,10,-26.2,97,17,5.705882352941177
695,2006,-477,-863,1,-863,620,2,310
696,2011,415,-136,27,-5.037037037037037,310,4,77.5
696,2016,-119,-844,1,-844,318,3,106
697,1990,292,-342,1,-342,126,1,126
697,1993,329,-89,2,-44.5,315,3,105
698,2004,116,-4,20,-0.2,-438,1,-438
698,2005,-322,-438,1,-438,290,3,96.66666666666667
698,2010,-153,-121,2,-60.5,143,1,143
699,1998,95,-366,4,-91.5,430,1,430
699,2002,-1,-526,3,-175.33333333333334,404,1,404
700,2015,-139,-330,1,-330,128,4,32
701,1996,124,-583,1,-583,358,4,89.5
702,1995,-426,-737,1,-737,344,1,344
702,2011,-395,-625,1,-625,321,8,40.125
703,2002,-138,-1078,1,-1078,543,1,543
703,2009,178,-227,6,-37.833333333333336,595,1,595
704,1995,-102,-351,1,-351,425,24,17.708333333333332
705,2011,418,-80,27,-2.962962962962963,158,1,158
705,2013,42,-534,1,-534,241,6,40.166666666666664
706,2011,-100,-391,1,-391,103,8,12.875
707,1994,434,-133,10,-13.3,184,8,23
707,2003,437,-181,1,-181,152,1,152
707,2015,406,-183,11,-16.636363636363637,113,4,28.25
708,2009,-110,-334,1,-334,94,10,9.4
709,2011,-343,-814,1,-814,600,1,600
710,2011,198,-170,2,-85,24,8,3
711,1987,702,-113,3,-37.666666666666664,-765,2,-382.5
711,1989,-63,-765,2,-382.5,654,1,654
711,1995,554,-37,5,-7.4,-485,2,-242.5
711,1997,69,-485,2,-242.5,403,22,18.318181818181817
712,1995,436,-23,11,-2.090909090909091,-423,1,-423
712,1996,13,-423,1,-423,316,3,105.33333333333333
713,1999,85,-455,1,-455,24,10,2.4
714,1995,659,-3,11,-0.272727272727273,-363,1,-363
714,1996,296,-363,1,-363,163,1,163
716,1993,-17,-224,1,-224,138,26,5.307692307692307
717,2006,-277,-503,1,-503,156,1,156
718,2008,234,-189,1,-189,0,11,0
719,2009,-145,-298,1,-298,151,10,15.1
720,2019,576,-20,35,-0.571428571428571,NaN,NaN,NaN
721,1998,-47,-374,1,-374,149,21,7.095238095238095
722,2019,692,-14,35,-0.4,NaN,NaN,NaN
724,1997,-50,-557,1,-557,0,22,0
725,2011,-21,-237,1,-237,-22,8,-2.75
725,2019,-43,-22,8,-2.75,NaN,NaN,NaN
726,1988,-81,-116,4,-29,281,8,35.125
726,2001,-27,-227,5,-45.4,254,4,63.5
726,2019,181,-46,14,-3.285714285714286,NaN,NaN,NaN
727,1993,517,-212,9,-23.555555555555557,168,1,168
727,2004,667,-18,10,-1.8,-240,1,-240
727,2005,427,-240,1,-240,153,2,76.5
728,1986,477,-205,2,-102.5,213,3,71
728,2010,668,-22,21,-1.047619047619048,-222,1,-222
728,2011,446,-222,1,-222,140,1,140
729,1985,104,-132,1,-132,342,25,13.68
729,2011,-160,-606,1,-606,192,1,192
730,1995,-468,-1119,1,-1119,578,1,578
731,2016,-88,-706,1,-706,344,3,114.66666666666667
732,2007,300,-105,23,-4.565217391304348,-698,1,-698
732,2008,-398,-698,1,-698,552,5,110.4
733,1992,362,-8,7,-1.142857142857143,341,9,37.888888888888886
733,2002,535,-168,1,-168,126,1,126
733,2019,608,-53,16,-3.3125,NaN,NaN,NaN
734,2004,728,-6,20,-0.3,-254,1,-254
734,2005,474,-254,1,-254,181,1,181
735,2015,-4,-682,1,-682,417,2,208.5
736,2013,255,-27,29,-0.931034482758621,-518,1,-518
736,2014,-263,-518,1,-518,305,5,61
737,1998,493,-230,2,-115,153,8,19.125
737,2016,530,-116,10,-11.6,-166,1,-166
737,2017,364,-166,1,-166,142,2,71
738,2002,-273,-860,1,-860,568,3,189.33333333333334
739,2006,-21,-553,1,-553,253,1,253
739,2019,291,-118,7,-16.857142857142858,NaN,NaN,NaN
740,2004,212,-178,9,-19.77777777777778,-544,1,-544
740,2005,-332,-544,1,-544,603,14,43.07142857142857
741,2002,472,-234,1,-234,237,12,19.75
741,2015,422,-287,1,-287,294,2,147
742,1999,200,-146,2,-73,107,9,11.88888888888889
742,2010,100,-207,2,-103.5,-80,6,-13.333333333333334
742,2016,20,-80,6,-13.333333333333334,162,3,54
743,1995,361,-215,2,-107.5,187,2,93.5
744,2012,513,-24,27,-0.888888888888889,-262,1,-262
744,2013,251,-262,1,-262,74,6,12.333333333333334
745,1994,209,-411,1,-411,377,25,15.08
746,2015,625,-28,31,-0.903225806451613,-866,1,-866
746,2016,-241,-866,1,-866,399,1,399
747,2014,229,-290,1,-290,0,5,0
748,2014,-126,-447,2,-223.5,11,5,2.2
749,1998,-392,-594,1,-594,230,1,230
750,1991,54,-535,1,-535,178,3,59.333333333333336
750,2006,200,-32,12,-2.666666666666667,264,2,132
751,2007,1,-316,1,-316,177,1,177
752,1988,-135,-61,4,-15.25,322,2,161
752,2006,-102,-294,1,-294,72,13,5.538461538461538
753,2019,520,-101,34,-2.970588235294118,NaN,NaN,NaN
754,2015,370,-160,31,-5.161290322580645,-594,1,-594
754,2016,-224,-594,1,-594,0,3,0
756,1995,194,-192,1,-192,-9,24,-0.375
756,2019,185,-9,24,-0.375,NaN,NaN,NaN
757,2019,359,-82,8,-10.25,NaN,NaN,NaN
758,1991,-106,-305,1,-305,0,28,0
759,2019,712,-35,35,-1,NaN,NaN,NaN
760,2001,582,-48,17,-2.823529411764706,-149,1,-149
760,2002,433,-149,1,-149,110,1,110
761,2014,154,-48,4,-12,-347,1,-347
761,2015,-193,-347,1,-347,173,4,43.25
762,1990,376,-275,2,-137.5,77,13,5.923076923076923
762,2004,198,-255,1,-255,361,5,72.2
762,2019,512,-47,10,-4.7,NaN,NaN,NaN
763,1995,346,-326,7,-46.57142857142857,259,1,259
763,1999,397,-208,3,-69.33333333333333,173,1,173
763,2019,434,-136,19,-7.157894736842105,NaN,NaN,NaN
764,2001,691,-3,17,-0.176470588235294,-263,1,-263
764,2002,428,-263,1,-263,240,17,14.117647058823529
765,2006,-138,-330,1,-330,134,13,10.307692307692308
766,2002,17,-406,1,-406,-148,2,-74
766,2004,-131,-148,2,-74,460,9,51.111111111111114
766,2019,328,-1,6,-0.166666666666667,NaN,NaN,NaN
767,1996,309,-312,1,-312,-239,14,-17.071428571428573
767,2010,70,-239,14,-17.071428571428573,306,1,306
767,2019,328,-48,8,-6,NaN,NaN,NaN
768,2013,-228,-845,1,-845,574,3,191.33333333333334
768,2019,305,-41,3,-13.666666666666666,NaN,NaN,NaN
769,2015,-10,-597,1,-597,447,2,223.5
769,2019,426,-11,2,-5.5,NaN,NaN,NaN
770,2001,633,-26,17,-1.529411764705882,-317,1,-317
770,2002,316,-317,1,-317,202,17,11.882352941176471
771,1993,256,-31,9,-3.444444444444445,234,3,78
771,1997,-208,-698,1,-698,-14,7,-2
771,2004,-222,-14,7,-2,397,4,99.25
771,2019,121,-54,11,-4.909090909090909,NaN,NaN,NaN
772,2014,299,-253,2,-126.5,143,5,28.6
773,2002,297,-111,1,-111,177,1,177
773,2010,428,-46,7,-6.571428571428571,-368,1,-368
773,2011,60,-368,1,-368,152,8,19
774,2014,259,-235,5,-47,-462,1,-462
774,2015,-203,-462,1,-462,0,4,0
775,2001,-33,-253,8,-31.625,21,8,2.625
775,2019,95,-111,9,-12.333333333333334,NaN,NaN,NaN
776,2000,238,-219,1,-219,19,8,2.375
777,2013,-142,-802,1,-802,501,1,501
777,2019,324,-35,5,-7,NaN,NaN,NaN
778,2010,624,-40,26,-1.538461538461539,-213,1,-213
778,2011,411,-213,1,-213,0,2,0
778,2015,156,-493,1,-493,65,4,16.25
779,1985,-104,-240,1,-240,82,23,3.565217391304348
779,2016,-14,-255,1,-255,0,3,0
780,1998,433,-299,2,-149.5,17,13,1.307692307692308
780,2012,-119,-569,1,-569,0,7,0
781,2002,-150,-543,3,-181,458,1,458
781,2019,273,-35,16,-2.1875,NaN,NaN,NaN
782,2004,358,-232,1,-232,84,6,14
783,2001,76,-287,1,-287,174,1,174
784,2002,195,-360,1,-360,141,7,20.142857142857142
784,2010,160,-176,1,-176,0,9,0
785,2001,-202,-547,1,-547,304,4,76
787,2019,156,-36,26,-1.384615384615385,NaN,NaN,NaN
788,2014,-130,-622,1,-622,0,5,0
789,1999,-414,-800,1,-800,944,1,944
789,2019,479,-51,19,-2.684210526315789,NaN,NaN,NaN
790,1998,25,-391,1,-391,219,1,219
791,1991,49,-466,1,-466,390,1,390
792,2006,673,-17,22,-0.772727272727273,-274,2,-137
792,2008,399,-274,2,-137,245,1,245
793,1998,370,-139,2,-69.5,130,8,16.25
793,2007,27,-473,1,-473,405,2,202.5
794,2009,469,-7,25,-0.28,-685,1,-685
794,2010,-216,-685,1,-685,439,2,219.5
794,2019,211,-12,7,-1.714285714285714,NaN,NaN,NaN
795,1995,-220,-808,1,-808,524,2,262
796,1999,-148,-262,2,-131,261,6,43.5
797,1998,654,-1,14,-0.071428571428571,-272,1,-272
797,1999,382,-272,1,-272,279,4,69.75
797,2013,482,-179,10,-17.9,274,1,274
797,2019,648,-108,5,-21.6,NaN,NaN,NaN
798,1988,-116,-352,1,-352,446,3,148.66666666666666
798,2001,-145,-475,10,-47.5,481,1,481
798,2019,79,-257,17,-15.117647058823529,NaN,NaN,NaN
799,1997,608,-32,13,-2.461538461538462,-302,3,-100.66666666666667
799,2000,306,-302,3,-100.66666666666667,277,1,277
799,2002,430,-153,1,-153,264,2,132
799,2019,589,-105,15,-7,NaN,NaN,NaN
800,2008,-82,-771,1,-771,421,2,210.5
801,2003,468,-136,19,-7.157894736842105,-253,1,-253
801,2004,215,-253,1,-253,330,5,66
802,1994,654,-25,10,-2.5,-326,1,-326
802,1995,328,-326,1,-326,239,1,239
802,2002,373,-194,6,-32.333333333333336,143,1,143
803,2019,624,-89,35,-2.542857142857143,NaN,NaN,NaN
804,1990,456,-174,6,-29,234,1,234
804,2002,355,-335,11,-30.454545454545453,217,6,36.166666666666664
804,2009,428,-144,1,-144,94,10,9.4
805,2016,442,-228,2,-114,83,3,27.666666666666668
806,1985,-111,-473,1,-473,329,15,21.933333333333334
806,2001,-102,-320,1,-320,207,1,207
807,1998,551,-172,4,-43,-313,1,-313
807,1999,238,-313,1,-313,-9,3,-3
807,2002,229,-9,3,-3,301,2,150.5
808,1993,71,-328,1,-328,131,21,6.238095238095238
808,2019,-11,-213,5,-42.6,NaN,NaN,NaN
809,2002,-123,-587,8,-73.375,524,1,524
809,2013,129,-272,10,-27.2,538,1,538
809,2019,467,-200,5,-40,NaN,NaN,NaN
810,2019,465,-3,35,-0.085714285714286,NaN,NaN,NaN
811,2005,-154,-794,1,-794,200,1,200
811,2019,231,-50,7,-7.142857142857143,NaN,NaN,NaN
812,1985,361,-278,1,-278,193,5,38.6
813,1985,227,-270,1,-270,0,2,0
813,2019,495,-101,31,-3.258064516129032,NaN,NaN,NaN
814,2019,539,-132,35,-3.771428571428571,NaN,NaN,NaN
815,2015,-133,-370,2,-185,0,4,0
816,2011,-372,-661,1,-661,310,1,310
817,2003,177,-222,1,-222,-38,13,-2.923076923076923
817,2016,139,-38,13,-2.923076923076923,210,1,210
817,2019,277,-72,2,-36,NaN,NaN,NaN
818,2010,300,-8,16,-0.5,128,1,128
818,2019,371,-57,8,-7.125,NaN,NaN,NaN
820,2019,137,-115,5,-23,NaN,NaN,NaN
821,2019,489,-23,35,-0.657142857142857,NaN,NaN,NaN
822,2019,-52,-24,35,-0.685714285714286,NaN,NaN,NaN
823,2019,517,-109,35,-3.114285714285714,NaN,NaN,NaN
825,1985,-8,-157,1,-157,386,1,386
825,2001,40,-570,6,-95,516,1,516
826,2016,91,-305,2,-152.5,131,3,43.666666666666664
827,2004,731,-17,20,-0.85,-173,2,-86.5
827,2006,558,-173,2,-86.5,144,9,16
827,2016,410,-292,1,-292,163,3,54.333333333333336
828,1993,-484,-1039,1,-1039,983,2,491.5
829,2006,-410,-796,1,-796,257,2,128.5
830,1994,479,-102,10,-10.2,-387,1,-387
830,1995,92,-387,1,-387,440,5,88
830,2002,-51,-583,2,-291.5,598,2,299
831,1997,-130,-377,5,-75.4,217,4,54.25
831,2019,-92,-179,18,-9.944444444444445,NaN,NaN,NaN
832,1992,439,-250,6,-41.666666666666664,257,2,128.5
832,1999,374,-322,5,-64.4,187,1,187
833,1987,-38,-456,1,-456,584,14,41.714285714285715
833,2004,-93,-639,3,-213,288,15,19.2
834,1999,657,-9,15,-0.6,-293,4,-73.25
834,2003,364,-293,4,-73.25,156,1,156
835,2016,-276,-908,1,-908,534,2,267
836,2001,723,-1,17,-0.058823529411765,-312,1,-312
836,2002,411,-312,1,-312,145,5,29
836,2008,245,-311,1,-311,206,1,206
837,1991,-61,-117,6,-19.5,301,1,301
837,1993,-11,-251,1,-251,221,5,44.2
837,2019,-28,-238,21,-11.333333333333334,NaN,NaN,NaN
838,2005,546,-191,3,-63.666666666666664,138,7,19.714285714285715
838,2013,468,-216,1,-216,200,6,33.333333333333336
839,1993,-478,-864,1,-864,427,1,427
839,2005,-122,-71,11,-6.454545454545454,368,14,26.285714285714285
840,2002,66,-739,1,-739,237,1,237
841,2015,-301,-620,1,-620,391,1,391
842,1988,196,-188,1,-188,235,5,47
842,1994,262,-169,1,-169,34,25,1.36
843,1998,-266,-876,1,-876,517,1,517
844,1996,393,-253,12,-21.083333333333332,216,1,216
844,2003,441,-168,6,-28,227,2,113.5
844,2019,600,-68,14,-4.857142857142857,NaN,NaN,NaN
845,2016,105,-515,1,-515,225,1,225
846,1998,444,-4,14,-0.285714285714286,-169,1,-169
846,1999,275,-169,1,-169,17,9,1.888888888888889
846,2019,400,-137,7,-19.571428571428573,NaN,NaN,NaN
847,2012,584,-42,28,-1.5,-615,2,-307.5
847,2014,-31,-615,2,-307.5,0,5,0
848,2006,68,-361,1,-361,214,1,214
849,2001,367,-345,1,-345,112,12,9.333333333333334
850,2016,-391,-1094,1,-1094,0,3,0
851,2006,485,-18,22,-0.818181818181818,-374,1,-374
851,2007,111,-374,1,-374,276,1,276
851,2019,336,-51,11,-4.636363636363637,NaN,NaN,NaN
852,2002,-120,-714,1,-714,266,1,266
853,2019,379,-103,35,-2.942857142857143,NaN,NaN,NaN
854,2017,-36,-283,1,-283,76,2,38
855,2002,-418,-926,1,-926,163,1,163
856,2019,362,-52,35,-1.485714285714286,NaN,NaN,NaN
858,1997,742,-17,13,-1.307692307692308,-447,2,-223.5
858,1999,295,-447,2,-223.5,426,20,21.3
859,1999,534,-78,15,-5.2,-1049,1,-1049
859,2000,-515,-1049,1,-1049,755,3,251.66666666666666
859,2009,263,-149,2,-74.5,308,10,30.8
860,1989,165,-476,5,-95.2,755,1,755
860,1997,-57,-977,7,-139.57142857142858,844,2,422
860,2000,-125,-912,1,-912,887,19,46.68421052631579
861,2011,49,-236,1,-236,-57,8,-7.125
861,2019,-8,-57,8,-7.125,NaN,NaN,NaN
862,1995,10,-239,3,-79.66666666666667,271,19,14.263157894736842
862,2015,18,-263,1,-263,185,4,46.25
863,2015,59,-386,1,-386,22,4,5.5
864,1993,444,-171,3,-57,170,1,170
864,2000,418,-196,6,-32.666666666666664,202,19,10.631578947368421
865,1989,-80,-209,3,-69.66666666666667,295,4,73.75
865,1995,-53,-268,2,-134,105,24,4.375
866,1991,141,-431,1,-431,592,5,118.4
866,2004,207,-526,8,-65.75,315,1,315
866,2019,521,-1,14,-0.071428571428571,NaN,NaN,NaN
867,1992,566,-7,8,-0.875,-822,1,-822
867,1993,-256,-822,1,-822,564,2,282
867,2019,586,-35,9,-3.888888888888889,NaN,NaN,NaN
868,1991,543,-73,7,-10.428571428571429,-322,1,-322
868,1992,221,-322,1,-322,229,1,229
869,2017,346,-363,1,-363,105,2,52.5
870,2009,-376,-690,1,-690,360,2,180
871,1991,245,-346,7,-49.42857142857143,392,2,196
871,1999,616,-21,6,-3.5,-521,2,-260.5
871,2001,95,-521,2,-260.5,472,1,472
871,2019,469,-98,17,-5.764705882352941,NaN,NaN,NaN
872,1988,678,-7,4,-1.75,-279,1,-279
872,1989,399,-279,1,-279,315,11,28.636363636363637
872,2002,380,-334,2,-167,261,6,43.5
872,2019,523,-118,11,-10.727272727272727,NaN,NaN,NaN
873,2019,566,-168,35,-4.8,NaN,NaN,NaN
874,1985,-45,-379,1,-379,354,34,10.411764705882353
875,1989,358,-118,5,-23.6,-432,1,-432
875,1990,-74,-432,1,-432,511,24,21.291666666666668
875,2015,-571,-1008,1,-1008,686,1,686
875,2019,108,-7,3,-2.333333333333333,NaN,NaN,NaN
876,1997,380,-135,4,-33.75,187,17,11
876,2015,354,-213,1,-213,0,4,0
877,2009,337,-206,4,-51.5,252,1,252
877,2019,552,-37,9,-4.111111111111111,NaN,NaN,NaN
878,2017,606,-36,33,-1.090909090909091,143,2,71.5
879,1998,596,-209,2,-104.5,82,12,6.833333333333333
879,2011,337,-341,1,-341,208,1,208
880,2019,216,-54,33,-1.636363636363636,NaN,NaN,NaN
881,2006,524,-224,3,-74.66666666666667,143,1,143
882,2003,110,-623,1,-623,395,1,395
883,2008,-158,-310,1,-310,201,11,18.272727272727273
884,2019,480,-103,35,-2.942857142857143,NaN,NaN,NaN
885,2006,553,-203,2,-101.5,37,9,4.111111111111111
885,2016,-242,-832,1,-832,0,3,0
886,2005,452,-1,21,-0.047619047619048,-630,1,-630
886,2006,-178,-630,1,-630,0,13,0
887,1997,-356,-689,1,-689,0,12,0
888,1997,288,-153,1,-153,18,7,2.571428571428572
889,2019,585,-14,35,-0.4,NaN,NaN,NaN
891,1988,128,-275,1,-275,362,7,51.714285714285715
891,2013,234,-256,18,-14.222222222222221,291,1,291
891,2019,238,-287,5,-57.4,NaN,NaN,NaN
892,2015,-328,-959,1,-959,473,2,236.5
893,1985,59,-77,1,-77,337,5,67.4
893,2006,116,-397,1,-397,380,13,29.23076923076923
894,1999,-22,-612,1,-612,659,9,73.22222222222223
894,2011,268,-369,3,-123,355,3,118.33333333333333
894,2019,505,-118,5,-23.6,NaN,NaN,NaN
895,2011,-429,-1048,1,-1048,622,3,207.33333333333334
895,2019,192,-1,5,-0.2,NaN,NaN,NaN
896,1995,407,-257,4,-64.25,280,1,280
896,2002,460,-227,6,-37.833333333333336,193,1,193
896,2019,646,-7,16,-0.4375,NaN,NaN,NaN
897,2006,54,-597,1,-597,290,1,290
898,2006,-249,-370,1,-370,173,2,86.5
898,2010,-199,-123,2,-61.5,209,2,104.5
898,2019,-13,-23,7,-3.285714285714286,NaN,NaN,NaN
899,1985,471,-139,1,-139,83,9,9.222222222222221
899,1995,-24,-578,1,-578,446,2,223
900,2014,416,-179,2,-89.5,-952,1,-952
900,2015,-536,-952,1,-952,371,1,371
901,1999,-7,-475,1,-475,-3,3,-1
901,2002,-10,-3,3,-1,615,4,153.75
902,2001,-84,-208,14,-14.857142857142858,318,2,159
902,2019,28,-206,16,-12.875,NaN,NaN,NaN
903,2019,610,-106,35,-3.028571428571428,NaN,NaN,NaN
904,2009,569,-55,25,-2.2,-385,1,-385
904,2010,184,-385,1,-385,206,3,68.66666666666667
904,2014,149,-241,1,-241,292,1,292
906,2000,614,-56,16,-3.5,-231,1,-231
906,2001,383,-231,1,-231,194,7,27.714285714285715
906,2015,401,-176,7,-25.142857142857142,243,1,243
906,2019,568,-76,3,-25.333333333333332,NaN,NaN,NaN
907,1985,-6,-244,1,-244,338,1,338
907,2000,165,-326,1,-326,523,7,74.71428571428571
907,2019,541,-147,12,-12.25,NaN,NaN,NaN
908,2007,275,-241,1,-241,112,12,9.333333333333334
909,2015,526,-148,1,-148,96,2,48
909,2019,489,-133,2,-66.5,NaN,NaN,NaN
910,2017,87,-569,1,-569,451,1,451
911,2002,241,-332,1,-332,462,2,231
911,2019,695,-8,15,-0.533333333333333,NaN,NaN,NaN
912,2007,-70,-289,1,-289,20,12,1.666666666666667
913,2018,-14,-700,1,-700,132,1,132
914,2019,507,-169,35,-4.828571428571428,NaN,NaN,NaN
915,2008,595,-21,24,-0.875,-195,1,-195
915,2009,400,-195,1,-195,0,10,0
916,2001,345,-64,17,-3.764705882352941,191,2,95.5
918,1999,450,-256,1,-256,-51,3,-17
918,2002,399,-51,3,-17,210,1,210
918,2019,406,-203,16,-12.6875,NaN,NaN,NaN
919,2018,158,-612,1,-612,0,1,0
921,2019,412,-10,35,-0.285714285714286,NaN,NaN,NaN
922,1992,223,-104,8,-13,365,1,365
922,2019,563,-25,26,-0.961538461538462,NaN,NaN,NaN
924,1991,-198,-753,1,-753,478,3,159.33333333333334
924,2015,-334,-873,1,-873,748,4,187
925,1995,380,-218,1,-218,363,19,19.105263157894736
925,2015,259,-484,1,-484,283,1,283
925,2019,410,-132,3,-44,NaN,NaN,NaN
926,1985,-67,-286,1,-286,427,13,32.84615384615385
926,2001,-15,-375,3,-125,515,3,171.66666666666666
926,2005,132,-368,1,-368,174,14,12.428571428571429
927,1998,439,-45,14,-3.214285714285714,-491,1,-491
927,1999,-52,-491,1,-491,346,1,346
928,2001,-75,-171,2,-85.5,150,1,150
929,2005,288,-134,1,-134,37,4,9.25
929,2012,11,-314,3,-104.66666666666667,76,7,10.857142857142858
930,2006,-360,-608,1,-608,302,2,151
930,2019,95,-47,5,-9.4,NaN,NaN,NaN
931,2005,428,-118,1,-118,243,1,243
931,2014,623,-48,8,-6,-473,1,-473
931,2015,150,-473,1,-473,21,4,5.25
932,1995,354,-242,1,-242,473,1,473
932,1997,567,-260,1,-260,186,22,8.454545454545455
933,1993,494,-219,1,-219,227,3,75.66666666666667
933,2002,473,-248,6,-41.333333333333336,252,1,252
933,2019,688,-37,16,-2.3125,NaN,NaN,NaN
934,2015,549,-20,31,-0.645161290322581,164,1,164
934,2017,395,-318,1,-318,-56,2,-28
934,2019,339,-56,2,-28,NaN,NaN,NaN
935,1992,481,-198,1,-198,209,7,29.857142857142858
935,2019,650,-40,20,-2,NaN,NaN,NaN
936,1998,582,-19,14,-1.357142857142857,-160,1,-160
936,1999,422,-160,1,-160,176,2,88
936,2010,394,-204,9,-22.666666666666668,128,1,128
936,2019,511,-11,8,-1.375,NaN,NaN,NaN
937,1998,562,-176,14,-12.571428571428571,-200,1,-200
937,1999,362,-200,1,-200,280,1,280
937,2002,518,-124,2,-62,175,1,175
937,2019,636,-57,16,-3.5625,NaN,NaN,NaN
938,2000,187,-358,1,-358,-40,5,-8
938,2005,147,-40,5,-8,270,3,90
938,2012,255,-162,4,-40.5,214,7,30.571428571428573
939,2000,-73,-188,1,-188,319,1,319
939,2004,46,-240,1,-240,-137,15,-9.133333333333333
939,2019,-91,-137,15,-9.133333333333333,NaN,NaN,NaN
940,1988,31,-520,1,-520,392,1,392
940,2006,246,-177,17,-10.411764705882353,346,2,173
940,2019,509,-83,11,-7.545454545454546,NaN,NaN,NaN
941,2011,421,-169,1,-169,218,1,218
941,2019,485,-154,7,-22,NaN,NaN,NaN
942,1995,432,-202,2,-101,123,24,5.125
943,1992,580,-36,8,-4.5,-567,1,-567
943,1993,13,-567,1,-567,522,2,261
944,1997,129,-149,13,-11.461538461538462,181,1,181
944,2015,279,-31,17,-1.823529411764706,516,1,516
944,2017,514,-281,1,-281,0,2,0
945,1985,409,-165,1,-165,136,1,136
945,2019,436,-212,9,-23.555555555555557,NaN,NaN,NaN
946,2006,519,-76,22,-3.454545454545455,-853,1,-853
946,2007,-334,-853,1,-853,294,1,294
947,2006,293,-163,1,-163,164,13,12.615384615384615
949,1994,110,-568,1,-568,320,1,320
950,2004,205,-93,20,-4.65,-329,1,-329
950,2005,-124,-329,1,-329,50,14,3.571428571428572
951,2007,68,-200,1,-200,54,12,4.5
952,2013,184,-101,6,-16.833333333333332,158,1,158
954,2002,-63,-85,18,-4.722222222222222,480,1,480
955,2004,404,-145,1,-145,7,15,0.466666666666667
956,2000,-237,-355,1,-355,0,19,0
957,1985,562,-126,1,-126,159,16,9.9375
957,2002,281,-440,1,-440,321,1,321
958,1997,530,-176,1,-176,215,22,9.772727272727273
959,2005,523,-87,21,-4.142857142857143,-232,1,-232
959,2006,291,-232,1,-232,199,2,99.5
960,2011,470,-162,2,-81,78,4,19.5
960,2016,20,-528,1,-528,0,3,0
961,1985,576,-29,1,-29,-347,1,-347
961,1986,229,-347,1,-347,260,8,32.5
961,1995,232,-257,1,-257,217,1,217
962,2001,-54,-403,8,-50.375,399,11,36.27272727272727
962,2014,-11,-356,2,-178,112,5,22.4
963,2005,469,-20,21,-0.952380952380952,-765,1,-765
963,2006,-296,-765,1,-765,570,4,142.5
964,1989,453,-234,1,-234,189,1,189
964,1999,345,-297,9,-33,249,1,249
964,2019,551,-43,19,-2.263157894736842,NaN,NaN,NaN
965,1999,506,-174,11,-15.818181818181818,165,9,18.333333333333332
965,2009,476,-195,1,-195,162,10,16.2
966,2004,-375,-1135,1,-1135,70,1,70
967,2019,606,-31,35,-0.885714285714286,NaN,NaN,NaN
968,1993,358,-251,9,-27.88888888888889,282,7,40.285714285714285
968,2001,378,-262,1,-262,-84,8,-10.5
968,2009,294,-84,8,-10.5,339,1,339
968,2019,563,-70,9,-7.777777777777778,NaN,NaN,NaN
969,1996,701,-13,12,-1.083333333333333,-678,1,-678
969,1997,23,-678,1,-678,596,4,149
969,2002,256,-363,1,-363,263,1,263
970,2001,559,-103,17,-6.058823529411764,-551,1,-551
970,2002,8,-551,1,-551,33,2,16.5
971,2002,492,-159,5,-31.8,153,1,153
971,2004,519,-126,1,-126,121,15,8.066666666666666
972,2015,-29,-694,1,-694,321,1,321
973,1988,101,-54,4,-13.5,144,1,144
973,2009,35,-210,20,-10.5,217,1,217
973,2019,97,-155,9,-17.22222222222222,NaN,NaN,NaN
974,1985,125,-192,1,-192,13,3,4.333333333333333
974,2006,318,-54,17,-3.176470588235294,195,2,97.5
974,2019,466,-47,11,-4.272727272727272,NaN,NaN,NaN
975,2019,299,-93,35,-2.657142857142857,NaN,NaN,NaN
976,2003,-149,-778,1,-778,443,3,147.66666666666666
978,1994,630,-103,10,-10.3,-632,1,-632
978,1995,-2,-632,1,-632,390,1,390
979,1997,674,-46,13,-3.538461538461538,-232,2,-116
979,1999,442,-232,2,-116,167,1,167
980,2019,514,-22,35,-0.628571428571429,NaN,NaN,NaN
981,1998,457,-215,1,-215,123,21,5.857142857142857
982,2019,305,-78,12,-6.5,NaN,NaN,NaN
983,2013,508,-203,2,-101.5,0,6,0
984,2004,177,-128,20,-6.4,-282,1,-282
984,2005,-105,-282,1,-282,0,14,0
985,2008,338,-73,9,-8.11111111111111,263,2,131.5
985,2019,556,-45,9,-5,NaN,NaN,NaN
986,2010,-234,-965,1,-965,0,9,0
987,2019,326,-82,23,-3.565217391304348,NaN,NaN,NaN
990,1989,294,-146,1,-146,202,6,33.666666666666664
990,2007,233,-263,12,-21.916666666666668,258,1,258
990,2019,286,-205,11,-18.636363636363637,NaN,NaN,NaN
991,1993,648,-122,9,-13.555555555555555,186,3,62
991,2017,693,-141,21,-6.714285714285714,-699,1,-699
991,2018,-6,-699,1,-699,177,1,177
992,1990,-78,-36,6,-6,278,3,92.66666666666667
992,2001,-41,-241,8,-30.125,195,1,195
993,2014,-165,-453,1,-453,195,5,39
994,2001,693,-9,17,-0.529411764705882,-742,1,-742
994,2002,-49,-742,1,-742,619,1,619
995,2000,-38,-365,1,-365,422,12,35.166666666666664
995,2013,-184,-568,1,-568,891,1,891
995,2019,632,-75,5,-15,NaN,NaN,NaN
996,1996,-54,-688,1,-688,363,3,121
996,2019,394,-135,4,-33.75,NaN,NaN,NaN
997,1999,733,-3,15,-0.2,-257,1,-257
997,2000,476,-257,1,-257,258,16,16.125
997,2019,598,-136,3,-45.333333333333336,NaN,NaN,NaN
998,1998,-168,-646,1,-646,345,2,172.5
998,2015,-158,-565,1,-565,363,4,90.75
999,2001,-114,-185,1,-185,306,1,306
999,2009,-20,-212,7,-30.285714285714285,362,1,362
999,2019,153,-189,9,-21,NaN,NaN,NaN
